"","Alternative.products..isoforms.","Alternative.sequence","Erroneous.gene.model.prediction","Fragment","Gene.encoded.by","Length","Mass","Mass.spectrometry","Natural.variant","Non.adjacent.residues","Non.standard.residue","Non.terminal.residue","Polymorphism","RNA.Editing","Sequence","Sequence.caution","Sequence.conflict","Sequence.uncertainty","Sequence.version"
"Q9HDC9","ALTERNATIVE PRODUCTS:  Event=Alternative splicing; Named isoforms=2; Name=1; IsoId=Q9HDC9-1; Sequence=Displayed; Name=2; IsoId=Q9HDC9-2; Sequence=VSP_036992, VSP_036993;","VAR_SEQ 283..289; /note=RVYVSGL -> SSLVKRR (in isoform 2); /evidence=ECO:0000303|PubMed:14702039; /id=VSP_036992; VAR_SEQ 290..416; /note=Missing (in isoform 2); /evidence=ECO:0000303|PubMed:14702039; /id=VSP_036993",NA,NA,NA,416,46480,NA,"VARIANT 65; /note=I -> V (in dbSNP:rs12242); /id=VAR_014128; VARIANT 282; /note=R -> Q (in dbSNP:rs35097515); /evidence=ECO:0000269|PubMed:18513186; /id=VAR_055039; VARIANT 374; /note=R -> W (in dbSNP:rs28364786); /evidence=ECO:0000269|PubMed:18513186; /id=VAR_055040",NA,NA,NA,NA,NA,"MSEADGLRQRRPLRPQVVTDDDGQAPEAKDGSSFSGRVFRVTFLMLAVSLTVPLLGAMMLLESPIDPQPLSFKEPPLLLGVLHPNTKLRQAERLFENQLVGPESIAHIGDVMFTGTADGRVVKLENGEIETIARFGSGPCKTRDDEPVCGRPLGIRAGPNGTLFVADAYKGLFEVNPWKREVKLLLSSETPIEGKNMSFVNDLTVTQDGRKIYFTDSSSKWQRRDYLLLVMEGTDDGRLLEYDTVTREVKVLLDQLRFPNGVQLSPAEDFVLVAETTMARIRRVYVSGLMKGGADLFVENMPGFPDNIRPSSSGGYWVGMSTIRPNPGFSMLDFLSERPWIKRMIFKLFSQETVMKFVPRYSLVLELSDSGAFRRSLHDPDGLVATYISEVHEHDGHLYLGSFRSPFLCRLSLQAV","SEQUENCE CAUTION:  Sequence=AAQ89435.1; Type=Erroneous initiation; Evidence={ECO:0000305};  Sequence=BAB11885.1; Type=Erroneous initiation; Evidence={ECO:0000305};  Sequence=BAB15253.1; Type=Erroneous initiation; Evidence={ECO:0000305};  Sequence=BAB15578.1; Type=Erroneous initiation; Evidence={ECO:0000305};","CONFLICT 12; /note=P -> A (in Ref. 2; BAG63373); /evidence=ECO:0000305; CONFLICT 74; /note=E -> G (in Ref. 2; BAF83818); /evidence=ECO:0000305; CONFLICT 295; /note=D -> G (in Ref. 2; BAF83818); /evidence=ECO:0000305; CONFLICT 416; /note=V -> A (in Ref. 2; BAF83818); /evidence=ECO:0000305",NA,2
"P54709","ALTERNATIVE PRODUCTS:  Event=Alternative splicing; Named isoforms=2; Name=1; IsoId=P54709-1; Sequence=Displayed; Name=2; IsoId=P54709-2; Sequence=VSP_056686, VSP_056687;","VAR_SEQ 1..36; /note=MTKNEKKSLNQSLAEWKLFIYNPTTGEFLGRTAKSW -> MLSEGDILFSSLLSSPSLFWPP (in isoform 2); /evidence=ECO:0000303|PubMed:14702039; /id=VSP_056686; VAR_SEQ 195..279; /note=NEDIPNVAVYPHNGMIDLKYFPYYGKKLHVGYLQPLVAVQVSFAPNNTGKEVTVECKIDGSANLKSQDDRDKFLGRVMFKITARA -> TNNVKDGMKIYQM (in isoform 2); /evidence=ECO:0000303|PubMed:14702039; /id=VSP_056687",NA,NA,NA,279,31513,NA,NA,NA,NA,NA,NA,NA,"MTKNEKKSLNQSLAEWKLFIYNPTTGEFLGRTAKSWGLILLFYLVFYGFLAALFSFTMWVMLQTLNDEVPKYRDQIPSPGLMVFPKPVTALEYTFSRSDPTSYAGYIEDLKKFLKPYTLEEQKNLTVCPDGALFEQKGPVYVACQFPISLLQACSGMNDPDFGYSQGNPCILVKMNRIIGLKPEGVPRIDCVSKNEDIPNVAVYPHNGMIDLKYFPYYGKKLHVGYLQPLVAVQVSFAPNNTGKEVTVECKIDGSANLKSQDDRDKFLGRVMFKITARA",NA,NA,NA,1
"Q9UHN6","ALTERNATIVE PRODUCTS:  Event=Alternative splicing; Named isoforms=2; Name=1; IsoId=Q9UHN6-1; Sequence=Displayed; Name=2; IsoId=Q9UHN6-2; Sequence=VSP_041401;","VAR_SEQ 402..464; /note=Missing (in isoform 2); /evidence=ECO:0000303|PubMed:15489334; /id=VSP_041401",NA,NA,NA,1383,154374,NA,"VARIANT 245; /note=R -> K (in dbSNP:rs25688); /id=VAR_032669; VARIANT 291; /note=R -> H (in dbSNP:rs25689); /id=VAR_032670; VARIANT 291; /note=R -> L (in dbSNP:rs25689); /id=VAR_062197; VARIANT 291; /note=R -> P (in dbSNP:rs25689); /id=VAR_062198; VARIANT 423; /note=D -> E (in dbSNP:rs25695); /id=VAR_032671; VARIANT 765; /note=P -> S (in dbSNP:rs25692); /id=VAR_032672; VARIANT 1010; /note=I -> V (in dbSNP:rs17057133); /id=VAR_032673; VARIANT 1254; /note=S -> N (in dbSNP:rs2297089); /id=VAR_032674; VARIANT 1280; /note=G -> D (in dbSNP:rs17475375); /id=VAR_032675",NA,NA,NA,NA,NA,"MYATDSRGHSPAFLQPQNGNSRHPSGYVPGKVVPLRPPPPPKSQASAKFTSIRREDRATFAFSPEEQQAQRESQKQKRHKNTFICFAITSFSFFIALAIILGISSKYAPDENCPDQNPRLRNWDPGQDSAKQVVIKEGDMLRLTSDATVHSIVIQDGGLLVFGDNKDGSRNITLRTHYILIQDGGALHIGAEKCRYKSKATITLYGKSDEGESMPTFGKKFIGVEAGGTLELHGARKASWTLLARTLNSSGLPFGSYTFEKDFSRGLNVRVIDQDTAKILESERFDTHEYRNESRRLQEFLRFQDPGRIVAIAVGDSAAKSLLQGTIQMIQERLGSELIQGLGYRQAWALVGVIDGGSTSCNESVRNYENHSSGGKALAQREFYTVDGQKFSVTAYSEWIEGVSLSGFRVEVVDGVKLNLLDDVSSWKPGDQIVVASTDYSMYQAEEFTLLPCSECSHFQVKVKETPQFLHMGEIIDGVDMRAEVGILTRNIVIQGEVEDSCYAENQCQFFDYDTFGGHIMIMKNFTSVHLSYVELKHMGQQQMGRYPVHFHLCGDVDYKGGYRHATFVDGLSIHHSFSRCITVHGTNGLLIKDTIGFDTLGHCFFLEDGIEQRNTLFHNLGLLTKPGTLLPTDRNNSMCTTMRDKVFGNYIPVPATDCMAVSTFWIAHPNNNLINNAAAGSQDAGIWYLFHKEPTGESSGLQLLAKPELTPLGIFYNNRVHSNFKAGLFIDKGVKTTNSSAADPREYLCLDNSARFRPHQDANPEKPRVAALIDRLIAFKNNDNGAWVRGGDIIVQNSAFADNGIGLTFASDGSFPSDEGSSQEVSESLFVGESRNYGFQGGQNKYVGTGGIDQKPRTLPRNRTFPIRGFQIYDGPIHLTRSTFKKYVPTPDRYSSAIGFLMKNSWQITPRNNISLVKFGPHVSLNVFFGKPGPWFEDCEMDGDKNSIFHDIDGSVTGYKDAYVGRMDNYLIRHPSCVNVSKWNAVICSGTYAQVYVQTWSTQNLSMTITRDEYPSNPMVLRGINQKAAFPQYQPVVMLEKGYTIHWNGPAPRTTFLYLVNFNKNDWIRVGLCYPSNTSFQVTFGYLQRQNGSLSKIEEYEPVHSLEELQRKQSERKFYFDSSTGLLFLYLKAKSHRHGHSYCSSQGCERVKIQAATDSKDISNCMAKAYPQYYRKPSVVKRMPAMLTGLCQGCGTRQVVFTSDPHKSYLPVQFQSPDKAETQRGDPSVISVNGTDFTFRSAGVLLLVVDPCSVPFRLTEKTVFPLADVSRIEEYLKTGIPPRSIVLLSTRGEIKQLNISHLLVPLGLAKPAHLYDKGSTIFLGFSGNFKPSWTKLFTSPAGQGLGVLEQFIPLQLDEYGCPRATTVRRRDLELLKQASKAH","SEQUENCE CAUTION:  Sequence=BAA92650.2; Type=Erroneous initiation; Note=Extended N-terminus.; Evidence={ECO:0000305};  Sequence=BAC11574.1; Type=Erroneous initiation; Note=Truncated N-terminus.; Evidence={ECO:0000305};","CONFLICT 1223; /note=T -> A (in Ref. 7; BAC11574); /evidence=ECO:0000305; CONFLICT 1322; /note=I -> V (in Ref. 7; BAC11574); /evidence=ECO:0000305",NA,1
"P13164","ALTERNATIVE PRODUCTS:  ",NA,NA,NA,NA,125,13964,NA,"VARIANT 13; /note=P -> A (in dbSNP:rs9667990); /evidence=ECO:0000269|PubMed:14702039, ECO:0000269|PubMed:15489334, ECO:0000269|PubMed:2492664, ECO:0000269|PubMed:7559564, ECO:0000269|Ref.3, ECO:0000269|Ref.6, ECO:0007744|PubMed:21269460, ECO:0007744|PubMed:23186163; /id=VAR_047422",NA,NA,NA,NA,NA,"MHKEEHEVAVLGPPPSTILPRSTVINIHSETSVPDHVVWSLFNTLFLNWCCLGFIAFAYSVKSRDRKMVGDVTGAQAYASTAKCLNIWALILGILMTIGFILLLVFGSVTVYHIMLQIIQEKRGY",NA,"CONFLICT 103; /note=L -> S (in Ref. 1; AAA35494); /evidence=ECO:0000305",NA,3
"Q01629","ALTERNATIVE PRODUCTS:  ",NA,NA,NA,NA,132,14632,NA,"VARIANT 33; /note=V -> A (in dbSNP:rs1058900); /evidence=ECO:0000269|PubMed:15489334, ECO:0000269|Ref.2; /id=VAR_062677; VARIANT 41; /note=M -> T (in dbSNP:rs14408); /evidence=ECO:0000269|PubMed:15489334, ECO:0000269|PubMed:1906403; /id=VAR_014848; VARIANT 121; /note=I -> V (in dbSNP:rs1059091); /evidence=ECO:0000269|PubMed:15489334, ECO:0000269|PubMed:1906403; /id=VAR_060470",NA,NA,NA,NA,NA,"MNHIVQTFSPVNSGQPPNYEMLKEEQEVAMLGVPHNPAPPMSTVIHIRSETSVPDHVVWSLFNTLFMNTCCLGFIAFAYSVKSRDRKMVGDVTGAQAYASTAKCLNIWALILGIFMTILLIIIPVLVVQAQR",NA,"CONFLICT 33; /note=V -> G (in Ref. 1; CAA40625); /evidence=ECO:0000305",NA,2
"O15162","ALTERNATIVE PRODUCTS:  Event=Alternative splicing; Named isoforms=2; Name=1; IsoId=O15162-1; Sequence=Displayed; Name=2; IsoId=O15162-2; Sequence=VSP_055237, VSP_055238;","VAR_SEQ 1..23; /note=MDKQNSQMNASHPETNLPVGYPP -> MLLTRKQTCQLGILLSIHRQHSK (in isoform 2); /evidence=ECO:0000303|PubMed:14702039; /id=VSP_055237; VAR_SEQ 24..104; /note=Missing (in isoform 2); /evidence=ECO:0000303|PubMed:14702039; /id=VSP_055238",NA,NA,NA,318,35049,NA,"VARIANT 262; /note=H -> Y (significantly impaired anti-SARS-CoV-2 activity; dbSNP:rs343320); /evidence=ECO:0000269|PubMed:37438530; /id=VAR_034388",NA,NA,NA,NA,NA,"MDKQNSQMNASHPETNLPVGYPPQYPPTAFQGPPGYSGYPGPQVSYPPPPAGHSGPGPAGFPVPNQPVYNQPVYNQPVGAAGVPWMPAPQPPLNCPPGLEYLSQIDQILIHQQIELLEVLTGFETNNKYEIKNSFGQRVYFAAEDTDCCTRNCCGPSRPFTLRIIDNMGQEVITLERPLRCSSCCCPCCLQEIEIQAPPGVPIGYVIQTWHPCLPKFTIQNEKREDVLKISGPCVVCSCCGDVDFEIKSLDEQCVVGKISKHWTGILREAFTDADNFGIQFPLDLDVKMKAVMIGACFLIDFMFFESTGSQEQKSGVW",NA,NA,NA,1
"P08195","ALTERNATIVE PRODUCTS:  Event=Alternative splicing; Named isoforms=5; Name=1; IsoId=P08195-1; Sequence=Displayed; Name=2; IsoId=P08195-2; Sequence=VSP_037907; Name=3; IsoId=P08195-3; Sequence=VSP_037908; Name=4; IsoId=P08195-4; Sequence=VSP_037909; Name=5; IsoId=P08195-5; Sequence=VSP_061769;","VAR_SEQ 1..101; /note=Missing (in isoform 2); /evidence=ECO:0000303|PubMed:11557028, ECO:0000303|PubMed:3036867, ECO:0000303|PubMed:3476959, ECO:0000303|PubMed:3480538; /id=VSP_037907; VAR_SEQ 38..99; /note=Missing (in isoform 3); /evidence=ECO:0000303|PubMed:15489334; /id=VSP_037908; VAR_SEQ 39..98; /note=LGSHCVAQTGLELLASGDPLPSASQNAEMIETGSDCVTQAGLQLLASSDPPALASKNAEV -> TGSDCVTQAGLQLLASSDPPALASKNAEVTVETGFHHVSQADIEFLTSIDPTASASGSAGI (in isoform 5); /id=VSP_061769; VAR_SEQ 98; /note=V -> VTETGFHHVSQADIEFLTSIDPTASASGSAGI (in isoform 4); /evidence=ECO:0000303|Ref.11; /id=VSP_037909",NA,NA,NA,630,67994,"MASS SPECTROMETRY: Mass=57944.93; Method=MALDI; Evidence={ECO:0000269|PubMed:11840567};",NA,NA,NA,NA,NA,NA,"MELQPPEASIAVVSIPRQLPGSHSEAGVQGLSAGDDSELGSHCVAQTGLELLASGDPLPSASQNAEMIETGSDCVTQAGLQLLASSDPPALASKNAEVTGTMSQDTEVDMKEVELNELEPEKQPMNAASGAAMSLAGAEKNGLVKIKVAEDEAEAAAAAKFTGLSKEELLKVAGSPGWVRTRWALLLLFWLGWLGMLAGAVVIIVRAPRCRELPAQKWWHTGALYRIGDLQAFQGHGAGNLAGLKGRLDYLSSLKVKGLVLGPIHKNQKDDVAQTDLLQIDPNFGSKEDFDSLLQSAKKKSIRVILDLTPNYRGENSWFSTQVDTVATKVKDALEFWLQAGVDGFQVRDIENLKDASSFLAEWQNITKGFSEDRLLIAGTNSSDLQQILSLLESNKDLLLTSSYLSDSGSTGEHTKSLVTQYLNATGNRWCSWSLSQARLLTSFLPAQLLRLYQLMLFTLPGTPVFSYGDEIGLDAAALPGQPMEAPVMLWDESSFPDIPGAVSANMTVKGQSEDPGSLLSLFRRLSDQRSKERSLLHGDFHAFSAGPGLFSYIRHWDQNERFLVVLNFGDVGLSAGLQASDLPASASLPAKADLLLSTQPGREEGSPLELERLKLEPHEGLLLRFPYAA",NA,"CONFLICT 137; /note=G -> E (in Ref. 4; AAA35536); /evidence=ECO:0000305; CONFLICT 158; /note=A -> P (in Ref. 3; AAA51540); /evidence=ECO:0000305; CONFLICT 223; /note=A -> P (in Ref. 4; AAA35536); /evidence=ECO:0000305; CONFLICT 315; /note=E -> D (in Ref. 4; AAA35536); /evidence=ECO:0000305; CONFLICT 320; /note=S -> F (in Ref. 5; AAA35489); /evidence=ECO:0000305; CONFLICT 372; /note=E -> G (in Ref. 4; AAA35536); /evidence=ECO:0000305; CONFLICT 412..413; /note=GE -> PQ (in Ref. 4; AAA35536); /evidence=ECO:0000305; CONFLICT 465; /note=V -> L (in Ref. 4; AAA35536); /evidence=ECO:0000305; CONFLICT 481; /note=G -> P (in Ref. 4; AAA35536); /evidence=ECO:0000305; CONFLICT 549; /note=G -> E (in Ref. 5; AAA35489); /evidence=ECO:0000305; CONFLICT 609; /note=L -> P (in Ref. 4; AAA35536); /evidence=ECO:0000305; CONFLICT 612; /note=E -> G (in Ref. 4; AAA35536); /evidence=ECO:0000305",NA,3
"Q12846","ALTERNATIVE PRODUCTS:  Event=Alternative splicing; Named isoforms=2; Name=1; IsoId=Q12846-1; Sequence=Displayed; Name=2; IsoId=Q12846-2; Sequence=VSP_054603;","VAR_SEQ 1..44; /note=MRDRTHELRQGDDSSDEEDKERVALVVHPGTARLGSPDEEFFHK -> MGMTARTKRTRSGSRWWCTRARHGWGARTRSSSTSPLGHPPQ (in isoform 2); /evidence=ECO:0000303|PubMed:14702039; /id=VSP_054603",NA,NA,NA,297,34180,NA,NA,NA,NA,NA,NA,NA,"MRDRTHELRQGDDSSDEEDKERVALVVHPGTARLGSPDEEFFHKVRTIRQTIVKLGNKVQELEKQQVTILATPLPEESMKQELQNLRDEIKQLGREIRLQLKAIEPQKEEADENYNSVNTRMRKTQHGVLSQQFVELINKCNSMQSEYREKNVERIRRQLKITNAGMVSDEELEQMLDSGQSEVFVSNILKDTQVTRQALNEISARHSEIQQLERSIRELHDIFTFLATEVEMQGEMINRIEKNILSSADYVERGQEHVKTALENQKKARKKKVLIAICVSITVVLLAVIIGVTVVG",NA,"CONFLICT 174; /note=E -> D (in Ref. 1; AAA20967); /evidence=ECO:0000305; CONFLICT 269; /note=A -> V (in Ref. 1; AAA20967); /evidence=ECO:0000305",NA,2
"P15144","ALTERNATIVE PRODUCTS:  ",NA,NA,NA,NA,967,109540,NA,"VARIANT 20; /note=V -> M (in dbSNP:rs10152474); /id=VAR_031262; VARIANT 86; /note=R -> Q (in dbSNP:rs25653); /evidence=ECO:0000269|PubMed:2564851, ECO:0000269|PubMed:2901990, ECO:0000269|Ref.6; /id=VAR_014736; VARIANT 242; /note=D -> Y; /evidence=ECO:0000269|PubMed:9452074; /id=VAR_006727; VARIANT 243; /note=L -> P; /evidence=ECO:0000269|PubMed:9452074; /id=VAR_006728; VARIANT 311; /note=A -> V (in dbSNP:rs17240268); /id=VAR_031263; VARIANT 321; /note=T -> M (in dbSNP:rs8179199); /id=VAR_031264; VARIANT 603; /note=I -> K (in dbSNP:rs17240212); /id=VAR_031265; VARIANT 603; /note=I -> M (in dbSNP:rs8192297); /evidence=ECO:0000269|PubMed:2901990; /id=VAR_031266; VARIANT 752; /note=S -> N (in dbSNP:rs25651); /id=VAR_014737",NA,NA,NA,NA,NA,"MAKGFYISKSLGILGILLGVAAVCTIIALSVVYSQEKNKNANSSPVASTTPSASATTNPASATTLDQSKAWNRYRLPNTLKPDSYRVTLRPYLTPNDRGLYVFKGSSTVRFTCKEATDVIIIHSKKLNYTLSQGHRVVLRGVGGSQPPDIDKTELVEPTEYLVVHLKGSLVKDSQYEMDSEFEGELADDLAGFYRSEYMEGNVRKVVATTQMQAADARKSFPCFDEPAMKAEFNITLIHPKDLTALSNMLPKGPSTPLPEDPNWNVTEFHTTPKMSTYLLAFIVSEFDYVEKQASNGVLIRIWARPSAIAAGHGDYALNVTGPILNFFAGHYDTPYPLPKSDQIGLPDFNAGAMENWGLVTYRENSLLFDPLSSSSSNKERVVTVIAHELAHQWFGNLVTIEWWNDLWLNEGFASYVEYLGADYAEPTWNLKDLMVLNDVYRVMAVDALASSHPLSTPASEINTPAQISELFDAISYSKGASVLRMLSSFLSEDVFKQGLASYLHTFAYQNTIYLNLWDHLQEAVNNRSIQLPTTVRDIMNRWTLQMGFPVITVDTSTGTLSQEHFLLDPDSNVTRPSEFNYVWIVPITSIRDGRQQQDYWLIDVRAQNDLFSTSGNEWVLLNLNVTGYYRVNYDEENWRKIQTQLQRDHSAIPVINRAQIINDAFNLASAHKVPVTLALNNTLFLIEERQYMPWEAALSSLSYFKLMFDRSEVYGPMKNYLKKQVTPLFIHFRNNTNNWREIPENLMDQYSEVNAISTACSNGVPECEEMVSGLFKQWMENPNNNPIHPNLRSTVYCNAIAQGGEEEWDFAWEQFRNATLVNEADKLRAALACSKELWILNRYLSYTLNPDLIRKQDATSTIISITNNVIGQGLVWDFVQSNWKKLFNDYGGGSFSFSNLIQAVTRRFSTEYELQQLEQFKKDNEETGFGSGTRALEQALEKTKANIKWVKENKEVVLQWFTENSK",NA,"CONFLICT 536; /note=V -> E (in Ref. 1; CAA31640); /evidence=ECO:0000305; CONFLICT 887; /note=L -> P (in Ref. 1; CAA31640); /evidence=ECO:0000305",NA,4
"P07306","ALTERNATIVE PRODUCTS:  Event=Alternative splicing; Named isoforms=2; Name=H1a; IsoId=P07306-1; Sequence=Displayed; Name=H1b; Synonyms=sASGPR; IsoId=P07306-2; Sequence=VSP_044480;","VAR_SEQ 24..63; /note=GPPPPQPLLQRLCSGPRLLLLSLGLSLLLLVVVCVIGSQN -> D (in isoform H1b); /evidence=ECO:0000303|PubMed:20886072; /id=VSP_044480",NA,NA,NA,291,33186,NA,NA,NA,NA,NA,NA,NA,"MTKEYQDLQHLDNEESDHHQLRKGPPPPQPLLQRLCSGPRLLLLSLGLSLLLLVVVCVIGSQNSQLQEELRGLRETFSNFTASTEAQVKGLSTQGGNVGRKMKSLESQLEKQQKDLSEDHSSLLLHVKQFVSDLRSLSCQMAALQGNGSERTCCPVNWVEHERSCYWFSRSGKAWADADNYCRLEDAHLVVVTSWEEQKFVQHHIGPVNTWMGLHDQNGPWKWVDGTDYETGFKNWRPEQPDDWYGHGLGGGEDCAHFTDDGRWNDDVCQRPYRWVCETELDKASQEPPLL",NA,NA,NA,2
"P07307","ALTERNATIVE PRODUCTS:  Event=Alternative splicing; Named isoforms=3; Name=1; IsoId=P07307-1; Sequence=Displayed; Name=2; IsoId=P07307-2; Sequence=VSP_003060; Name=3; IsoId=P07307-3; Sequence=VSP_003060, VSP_003061;","VAR_SEQ 24..42; /note=Missing (in isoform 2 and isoform 3); /evidence=ECO:0000303|PubMed:15489334; /id=VSP_003060; VAR_SEQ 82..86; /note=Missing (in isoform 3); /evidence=ECO:0000303|PubMed:15489334; /id=VSP_003061",NA,NA,NA,311,35092,NA,"VARIANT 85; /note=G -> R (in dbSNP:rs2304978); /evidence=ECO:0000269|PubMed:1371982, ECO:0000269|PubMed:3863106, ECO:0000269|Ref.4; /id=VAR_068747",NA,NA,NA,NA,NA,"MAKDFQDIQQLSSEENDHPFHQGEGPGTRRLNPRRGNPFLKGPPPAQPLAQRLCSMVCFSLLALSFNILLLVVICVTGSQSEGHGGAQLQAELRSLKEAFSNFSSSTLTEVQAISTHGGSVGDKITSLGAKLEKQQQDLKADHDALLFHLKHFPVDLRFVACQMELLHSNGSQRTCCPVNWVEHQGSCYWFSHSGKAWAEAEKYCQLENAHLVVINSWEEQKFIVQHTNPFNTWIGLTDSDGSWKWVDGTDYRHNYKNWAVTQPDNWHGHELGGSEDCVEVQPDGRWNDDFCLQVYRWVCEKRRNATGEVA",NA,NA,NA,2
"P28907","ALTERNATIVE PRODUCTS:  Event=Alternative splicing; Named isoforms=2; Name=1; IsoId=P28907-1; Sequence=Displayed; Name=2; IsoId=P28907-2; Sequence=VSP_000707, VSP_000708;","VAR_SEQ 122; /note=I -> K (in isoform 2); /evidence=ECO:0000303|PubMed:9074508; /id=VSP_000707; VAR_SEQ 123..300; /note=Missing (in isoform 2); /evidence=ECO:0000303|PubMed:9074508; /id=VSP_000708",NA,NA,NA,300,34328,NA,"VARIANT 140; /note=R -> W (seems to contribute to the development of type II diabetes; 50% reduction in activity; dbSNP:rs1800561); /evidence=ECO:0000269|PubMed:9754820; /id=VAR_001323",NA,NA,NA,NA,NA,"MANCEFSPVSGDKPCCRLSRRAQLCLGVSILVLILVVVLAVVVPRWRQQWSGPGTTKRFPETVLARCVKYTEIHPEMRHVDCQSVWDAFKGAFISKHPCNITEEDYQPLMKLGTQTVPCNKILLWSRIKDLAHQFTQVQRDMFTLEDTLLGYLADDLTWCGEFNTSKINYQSCPDWRKDCSNNPVSVFWKTVSRRFAEAACDVVHVMLNGSRSKIFDKNSTFGSVEVHNLQPEKVQTLEAWVIHGGREDSRDLCQDPTIKELESIISKRNIQFSCKNIYRPDKFLQCVKNPEDSSCTSEI",NA,"CONFLICT 49; /note=Q -> T (in Ref. 1; AAA68482); /evidence=ECO:0000305",NA,2
"Q8N1N0","ALTERNATIVE PRODUCTS:  Event=Alternative splicing; Named isoforms=2; Name=1; IsoId=Q8N1N0-1; Sequence=Displayed; Name=2; IsoId=Q8N1N0-2; Sequence=VSP_056330;","VAR_SEQ 554..589; /note=PGSKGSCPLRKYIIVNSGMGACSFIDTPPCPWILSN -> SHSTRKGCCLHLTV (in isoform 2); /evidence=ECO:0000303|PubMed:15489334; /id=VSP_056330",NA,NA,NA,589,65519,NA,"VARIANT 101; /note=R -> Q (in dbSNP:rs2075221); /id=VAR_054429; VARIANT 351; /note=R -> H (in dbSNP:rs722896); /id=VAR_054430; VARIANT 564; /note=K -> R (in dbSNP:rs2287101); /evidence=ECO:0000269|PubMed:14702039; /id=VAR_054431",NA,NA,NA,NA,NA,"MDGEAVRFCTDNQCVSLHPQEVDSVAMAPAAPKIPRLVQATPAFMAVTLVFSLVTLFVVVQQQTRPVPKPVQAVILGDNITGHLPFEPNNHHHFGREAEMRELIQTFKGHMENSSAWVVEIQMLKCRVDNVNSQLQVLGDHLGNTNADIQMVKGVLKDATTLSLQTQMLRSSLEGTNAEIQRLKEDLEKADALTFQTLNFLKSSLENTSIELHVLSRGLENANSEIQMLNASLETANTQAQLANSSLKNANAEIYVLRGHLDSVNDLRTQNQVLRNSLEGANAEIQGLKENLQNTNALNSQTQAFIKSSFDNTSAEIQFLRGHLERAGDEIHVLKRDLKMVTAQTQKANGRLDQTDTQIQVFKSEMENVNTLNAQIQVLNGHMKNASREIQTLKQGMKNASALTSQTQMLDSNLQKASAEIQRLRGDLENTKALTMEIQQEQSRLKTLHVVITSQEQLQRTQSQLLQMVLQGWKFNGGSLYYFSSVKKSWHEAEQFCVSQGAHLASVASKEEQAFLVEFTSKVYYWIGLTDRGTEGSWRWTDGTPFNAAQNKAPGSKGSCPLRKYIIVNSGMGACSFIDTPPCPWILSN","SEQUENCE CAUTION:  Sequence=BAC04786.1; Type=Erroneous termination; Note=Truncated C-terminus.; Evidence={ECO:0000305};","CONFLICT 17; /note=L -> P (in Ref. 1; BAC04786); /evidence=ECO:0000305",NA,2
"Q9NY25","ALTERNATIVE PRODUCTS:  Event=Alternative splicing; Named isoforms=2; Name=1; IsoId=Q9NY25-1; Sequence=Displayed; Name=2; IsoId=Q9NY25-2; Sequence=VSP_012839;","VAR_SEQ 116; /note=Missing (in isoform 2); /evidence=ECO:0000303|PubMed:10449773; /id=VSP_012839",NA,NA,NA,188,21521,NA,"VARIANT 141; /note=R -> H (in dbSNP:rs35942193); /id=VAR_050110",NA,NA,NA,NA,NA,"MNWHMIISGLIVVVLKVVGMTLFLLYFPQIFNKSNDGFTTTRSYGTVSQIFGSSSPSPNGFITTRSYGTVCPKDWEFYQARCFFLSTSESSWNESRDFCKGKGSTLAIVNTPEKLKFLQDITDAEKYFIGLIYHREEKRWRWINNSVFNGNVTNQNQNFNCATIGLTKTFDAASCDISYRRICEKNAK",NA,NA,NA,1
"Q8IZS7","ALTERNATIVE PRODUCTS:  ",NA,NA,NA,NA,167,19115,NA,NA,NA,NA,NA,NA,NA,"MVSNFFHVIQVFEKSATLISKTEHIGFVIYSWRKSTTHLGSRRKFAISIYLSEVSLQKYDCPFSGTSFVVFSLFLICAMAGDVVYADIKTVRTSPLELAFPLQRSVSFNFSTVHKSCPAKDWKVHKGKCYWIAETKKSWNKSQNDCAINNSYLMVIQDITAMVRFNI",NA,NA,NA,1
"Q9UMD9","ALTERNATIVE PRODUCTS:  Event=Alternative splicing; Named isoforms=2; Name=1; IsoId=Q9UMD9-1; Sequence=Displayed; Name=2; IsoId=Q9UMD9-2; Sequence=VSP_024940, VSP_024941;","VAR_SEQ 922..966; /note=Missing (in isoform 2); /evidence=ECO:0000305; /id=VSP_024940; VAR_SEQ 1170..1207; /note=GSEFRGIVGPPGPPGPPGIPGNVWSSISVEDLSSYLHT -> A (in isoform 2); /evidence=ECO:0000305; /id=VSP_024941",NA,NA,NA,1497,150419,NA,"VARIANT 4; /note=T -> A (in dbSNP:rs17116471); /id=VAR_048781; VARIANT 210; /note=T -> M (in dbSNP:rs805708); /evidence=ECO:0000269|PubMed:15489334; /id=VAR_017593; VARIANT 231; /note=M -> I (in dbSNP:rs1054113); /evidence=ECO:0000269|PubMed:11912005, ECO:0000269|PubMed:9012408; /id=VAR_017594; VARIANT 238; /note=M -> T; /evidence=ECO:0000269|PubMed:9012408; /id=VAR_017595; VARIANT 265; /note=S -> C (in JEB4); /evidence=ECO:0000269|PubMed:11912005; /id=VAR_017596; VARIANT 428; /note=G -> S (in dbSNP:rs805698); /evidence=ECO:0000269|PubMed:1324962, ECO:0000269|PubMed:9012408; /id=VAR_017597; VARIANT 627; /note=G -> V (in JEB4); /evidence=ECO:0000269|PubMed:10652291, ECO:0000269|PubMed:8669466; /id=VAR_017598; VARIANT 633; /note=G -> D (in JEB4; dbSNP:rs121912773); /evidence=ECO:0000269|PubMed:10951237; /id=VAR_017599; VARIANT 703; /note=M -> V (in dbSNP:rs805722); /evidence=ECO:0000269|PubMed:9012408; /id=VAR_017600; VARIANT 939; /note=T -> I (in ERED; dbSNP:rs797045142); /evidence=ECO:0000269|PubMed:25676728; /id=VAR_074627; VARIANT 1303; /note=R -> Q (in JEB4; dbSNP:rs121912771); /evidence=ECO:0000269|PubMed:9199555; /id=VAR_017601; VARIANT 1370; /note=D -> G (in dbSNP:rs17116350); /evidence=ECO:0000269|PubMed:9012408; /id=VAR_017602",NA,NA,NA,NA,NA,"MDVTKKNKRDGTEVTERIVTETVTTRLTSLPPKGGTSNGYAKTASLGGGSRLEKQSLTHGSSGYINSTGSTRGHASTSSYRRAHSPASTLPNSPGSTFERKTHVTRHAYEGSSSGNSSPEYPRKEFASSSTRGRSQTRESEIRVRLQSASPSTRWTELDDVKRLLKGSRSASVSPTRNSSNTLPIPKKGTVETKIVTASSQSVSGTYDATILDANLPSHVWSSTLPAGSSMGTYHNNMTTQSSSLLNTNAYSAGSVFGVPNNMASCSPTLHPGLSTSSSVFGMQNNLAPSLTTLSHGTTTTSTAYGVKKNMPQSPAAVNTGVSTSAACTTSVQSDDLLHKDCKFLILEKDNTPAKKEMELLIMTKDSGKVFTASPASIAATSFSEDTLKKEKQAAYNADSGLKAEANGDLKTVSTKGKTTTADIHSYGSSGGGGSGGGGGVGGAGGGPWGPAPAWCPCGSCCSWWKWLLGLLLTWLLLLGLLFGLIALAEEVRKLKARVDELERIRRSILPYGDSMDRIEKDRLQGMAPAAGADLDKIGLHSDSQEELWMFVRKKLMMEQENGNLRGSPGPKGDMGSPGPKGDRGFPGTPGIPGPLGHPGPQGPKGQKGSVGDPGMEGPMGQRGREGPMGPRGEAGPPGSGEKGERGAAGEPGPHGPPGVPGSVGPKGSSGSPGPQGPPGPVGLQGLRGEVGLPGVKGDKGPMGPPGPKGDQGEKGPRGLTGEPGMRGLPGAVGEPGAKGAMGPAGPDGHQGPRGEQGLTGMPGIRGPPGPSGDPGKPGLTGPQGPQGLPGTPGRPGIKGEPGAPGKIVTSEGSSMLTVPGPPGPPGAMGPPGPPGAPGPAGPAGLPGHQEVLNLQGPPGPPGPRGPPGPSIPGPPGPRGPPGEGLPGPPGPPGSFLSNSETFLSGPPGPPGPPGPKGDQGPPGPRGHQGEQGLPGFSTSGSSSFGLNLQGPPGPPGPQGPKGDKGDPGVPGALGIPSGPSEGGSSSTMYVSGPPGPPGPPGPPGSISSSGQEIQQYISEYMQSDSIRSYLSGVQGPPGPPGPPGPVTTITGETFDYSELASHVVSYLRTSGYGVSLFSSSISSEDILAVLQRDDVRQYLRQYLMGPRGPPGPPGASGDGSLLSLDYAELSSRILSYMSSSGISIGLPGPPGPPGLPGTSYEELLSLLRGSEFRGIVGPPGPPGPPGIPGNVWSSISVEDLSSYLHTAGLSFIPGPPGPPGPPGPRGPPGVSGALATYAAENSDSFRSELISYLTSPDVRSFIVGPPGPPGPQGPPGDSRLLSTDASHSRGSSSSSHSSSVRRGSSYSSSMSTGGGGAGSLGAGGAFGEAAGDRGPYGTDIGPGGGYGAAAEGGMYAGNGGLLGADFAGDLDYNELAVRVSESMQRQGLLQGMAYTVQGPPGQPGPQGPPGISKVFSAYSNVTADLMDFFQTYGAIQGPPGQKGEMGTPGPKGDRGPAGPPGHPGPPGPRGHKGEKGDKGDQVYAGRRRRRSIAVKP","SEQUENCE CAUTION:  Sequence=AAA35605.1; Type=Erroneous initiation; Note=Extended N-terminus.; Evidence={ECO:0000305};  Sequence=AAH04478.1; Type=Miscellaneous discrepancy; Note=Contaminating sequence. Potential poly-A sequence.; Evidence={ECO:0000305};","CONFLICT 856; /note=Q -> P (in Ref. 5; AAA51839); /evidence=ECO:0000305; CONFLICT 905; /note=S -> F (in Ref. 1; AAA35605 and 2; AAB51499); /evidence=ECO:0000305",NA,3
"Q5KU26","ALTERNATIVE PRODUCTS:  ",NA,NA,NA,NA,742,81515,NA,"VARIANT 91; /note=K -> E (in dbSNP:rs17855029); /evidence=ECO:0000269|PubMed:15489334; /id=VAR_038853; VARIANT 487; /note=I -> V (in dbSNP:rs8098850); /id=VAR_038854; VARIANT 522; /note=S -> P (in dbSNP:rs2305025); /evidence=ECO:0000269|PubMed:11162630, ECO:0000269|PubMed:11564734, ECO:0000269|PubMed:12601552, ECO:0000269|PubMed:12761161, ECO:0000269|PubMed:15489334; /id=VAR_038855; VARIANT 606; /note=G -> S (in dbSNP:rs2305027); /evidence=ECO:0000269|PubMed:11162630, ECO:0000269|PubMed:12601552, ECO:0000269|PubMed:15489334; /id=VAR_038856",NA,NA,NA,NA,NA,"MKDDFAEEEEVQSFGYKRFGIQEGTQCTKCKNNWALKFSIILLYILCALLTITVAILGYKVVEKMDNVTGGMETSRQTYDDKLTAVESDLKKLGDQTGKKAISTNSELSTFRSDILDLRQQLREITEKTSKNKDTLEKLQASGDALVDRQSQLKETLENNSFLITTVNKTLQAYNGYVTNLQQDTSVLQGNLQNQMYSHNVVIMNLNNLNLTQVQQRNLITNLQRSVDDTSQAIQRIKNDFQNLQQVFLQAKKDTDWLKEKVQSLQTLAANNSALAKANNDTLEDMNSQLNSFTGQMENITTISQANEQNLKDLQDLHKDAENRTAIKFNQLEERFQLFETDIVNIISNISYTAHHLRTLTSNLNEVRTTCTDTLTKHTDDLTSLNNTLANIRLDSVSLRMQQDLMRSRLDTEVANLSVIMEEMKLVDSKHGQLIKNFTILQGPPGPRGPRGDRGSQGPPGPTGNKGQKGEKGEPGPPGPAGERGPIGPAGPPGERGGKGSKGSQGPKGSRGSPGKPGPQGSSGDPGPPGPPGKEGLPGPQGPPGFQGLQGTVGEPGVPGPRGLPGLPGVPGMPGPKGPPGPPGPSGAVVPLALQNEPTPAPEDNGCPPHWKNFTDKCYYFSVEKEIFEDAKLFCEDKSSHLVFINTREEQQWIKKQMVGRESHWIGLTDSERENEWKWLDGTSPDYKNWKAGQPDNWGHGHGPGEDCAGLIYAGQWNDFQCEDVNNFICEKDRETVLSSAL","SEQUENCE CAUTION:  Sequence=BAB39148.1; Type=Miscellaneous discrepancy; Note=Probable cloning artifact.; Evidence={ECO:0000305};","CONFLICT 12; /note=Q -> P (in Ref. 1; BAB39148); /evidence=ECO:0000305; CONFLICT 16; /note=Y -> F (in Ref. 1; BAB39148); /evidence=ECO:0000305; CONFLICT 22; /note=Q -> H (in Ref. 1; BAB39148); /evidence=ECO:0000305; CONFLICT 28; /note=T -> P (in Ref. 1; BAB39148); /evidence=ECO:0000305; CONFLICT 31; /note=K -> H (in Ref. 1; BAB39148); /evidence=ECO:0000305; CONFLICT 72; /note=M -> V (in Ref. 3; BAD83592); /evidence=ECO:0000305",NA,3
"Q9Y5Q5","ALTERNATIVE PRODUCTS:  Event=Alternative splicing; Named isoforms=2; Name=1; Synonyms=E1, hE1; IsoId=Q9Y5Q5-1; Sequence=Displayed; Name=2; Synonyms=E1a, hE1a; IsoId=Q9Y5Q5-2; Sequence=VSP_043952;","VAR_SEQ 1..29; /note=Missing (in isoform 2); /evidence=ECO:0000305; /id=VSP_043952",NA,NA,NA,1042,116486,NA,"VARIANT 13; /note=C -> Y (in dbSNP:rs2289433); /evidence=ECO:0000269|PubMed:10329693, ECO:0000269|PubMed:15489334; /id=VAR_038000; VARIANT 317; /note=K -> E (in PEE5; dbSNP:rs387906894); /evidence=ECO:0000269|PubMed:22437503; /id=VAR_067795; VARIANT 444; /note=D -> G (in dbSNP:rs13105608); /id=VAR_067796; VARIANT 472; /note=S -> G (in PEE5; dbSNP:rs387906895); /evidence=ECO:0000269|PubMed:22437503; /id=VAR_067797; VARIANT 525; /note=H -> R (in dbSNP:rs11934749); /evidence=ECO:0000269|PubMed:10329693, ECO:0000269|PubMed:15489334, ECO:0000269|PubMed:17918732; /id=VAR_038001",NA,NA,NA,NA,NA,"MKQSPALAPEERCRRAGSPKPVLRADDNNMGNGCSQKLATANLLRFLLLVLIPCICALVLLLVILLSYVGTLQKVYFKSNGSEPLVTDGEIQGSDVILTNTIYNQSTVVSTAHPDQHVPAWTTDASLPGDQSHRNTSACMNITHSQCQMLPYHATLTPLLSVVRNMEMEKFLKFFTYLHRLSCYQHIMLFGCTLAFPECIIDGDDSHGLLPCRSFCEAAKEGCESVLGMVNYSWPDFLRCSQFRNQTESSNVSRICFSPQQENGKQLLCGRGENFLCASGICIPGKLQCNGYNDCDDWSDEAHCNCSENLFHCHTGKCLNYSLVCDGYDDCGDLSDEQNCDCNPTTEHRCGDGRCIAMEWVCDGDHDCVDKSDEVNCSCHSQGLVECRNGQCIPSTFQCDGDEDCKDGSDEENCSVIQTSCQEGDQRCLYNPCLDSCGGSSLCDPNNSLNNCSQCEPITLELCMNLPYNSTSYPNYFGHRTQKEASISWESSLFPALVQTNCYKYLMFFSCTILVPKCDVNTGEHIPPCRALCEHSKERCESVLGIVGLQWPEDTDCSQFPEENSDNQTCLMPDEYVEECSPSHFKCRSGQCVLASRRCDGQADCDDDSDEENCGCKERDLWECPSNKQCLKHTVICDGFPDCPDYMDEKNCSFCQDDELECANHACVSRDLWCDGEADCSDSSDEWDCVTLSINVNSSSFLMVHRAATEHHVCADGWQEILSQLACKQMGLGEPSVTKLIQEQEKEPRWLTLHSNWESLNGTTLHELLVNGQSCESRSKISLLCTKQDCGRRPAARMNKRILGGRTSRPGRWPWQCSLQSEPSGHICGCVLIAKKWVLTVAHCFEGRENAAVWKVVLGINNLDHPSVFMQTRFVKTIILHPRYSRAVVDYDISIVELSEDISETGYVRPVCLPNPEQWLEPDTYCYITGWGHMGNKMPFKLQEGEVRIISLEHCQSYFDMKTITTRMICAGYESGTVDSCMGDSGGPLVCEKPGGRWTLFGLTSWGSVCFSKVLGPGVYSNVSYFVEWIKRQIYIQTFLLN",NA,"CONFLICT 854; /note=W -> R (in Ref. 4; AAF21966); /evidence=ECO:0000305; CONFLICT 876; /note=K -> R (in Ref. 4; AAF21966); /evidence=ECO:0000305",NA,2
"O75923","ALTERNATIVE PRODUCTS:  Event=Alternative promoter usage, Alternative splicing; Named isoforms=15; Comment=Approximately 23% of the transcripts in skeletal muscle incorporate exon 1a from an alternative promoter and missing the calcium-binding sites of domain C2 1.; Name=1; IsoId=O75923-1; Sequence=Displayed; Name=2; IsoId=O75923-2; Sequence=VSP_035925; Name=3; IsoId=O75923-3; Sequence=VSP_035926; Name=4; IsoId=O75923-4; Sequence=VSP_035927; Name=5; IsoId=O75923-5; Sequence=VSP_035925, VSP_035926; Name=6; IsoId=O75923-6; Sequence=VSP_035926, VSP_035927; Name=7; IsoId=O75923-7; Sequence=VSP_035925, VSP_035926, VSP_035927; Name=8; IsoId=O75923-8; Sequence=VSP_035924, VSP_035925; Name=9; IsoId=O75923-9; Sequence=VSP_035924, VSP_035926; Name=10; IsoId=O75923-10; Sequence=VSP_035924, VSP_035927; Name=11; IsoId=O75923-11; Sequence=VSP_035924, VSP_035925, VSP_035926; Name=12; IsoId=O75923-12; Sequence=VSP_035924, VSP_035926, VSP_035927; Name=13; IsoId=O75923-13; Sequence=VSP_035924, VSP_035925, VSP_035926, VSP_035927; Name=14; Synonyms=Dysferlin_v1, DYSF_v1; IsoId=O75923-14; Sequence=VSP_035924; Name=15; IsoId=O75923-15; Sequence=VSP_035926, VSP_035928, VSP_035929;","VAR_SEQ 1..29; /note=MLRVFILYAENVHTPDTDISDAYCSAVFA -> MLCCLLVRASNLPSAKKDRRSDPVASLTFR (in isoform 8, isoform 9, isoform 10, isoform 11, isoform 12, isoform 13 and isoform 14); /evidence=ECO:0000303|PubMed:16896923, ECO:0000303|PubMed:19221801; /id=VSP_035924; VAR_SEQ 152; /note=A -> AGGGQSRAETWSLLSDSTMDTRYSGKKWPAPT (in isoform 2, isoform 5, isoform 7, isoform 8, isoform 11 and isoform 13); /evidence=ECO:0000303|PubMed:19221801; /id=VSP_035925; VAR_SEQ 494..508; /note=EEPAGAVKPSKASDL -> V (in isoform 3, isoform 5, isoform 6, isoform 7, isoform 9, isoform 11, isoform 12, isoform 13 and isoform 15); /evidence=ECO:0000303|PubMed:19221801, ECO:0000303|Ref.7; /id=VSP_035926; VAR_SEQ 1470; /note=Q -> QLADGLSSLAPTNTASPPSSPH (in isoform 4, isoform 6, isoform 7, isoform 10, isoform 12 and isoform 13); /evidence=ECO:0000303|PubMed:19221801; /id=VSP_035927; VAR_SEQ 1934..1968; /note=KPAKTAKKCSLDQLDDAFHPEWFVSLFEQKTVKGW -> SSASSSRPPRPDCPARVGRQTDGPAHTPRVANMEL (in isoform 15); /evidence=ECO:0000303|Ref.7; /id=VSP_035928; VAR_SEQ 1969..2080; /note=Missing (in isoform 15); /evidence=ECO:0000303|Ref.7; /id=VSP_035929",NA,NA,NA,2080,237295,NA,"VARIANT 52; /note=W -> R (in LGMDR2; dbSNP:rs1553508863); /evidence=ECO:0000269|PubMed:18853459; /id=VAR_057834; VARIANT 67; /note=V -> D (in MMD1 and LGMDR2; Reduces calcium-sensitive phospholipid binding and interaction with AHNAK and AHNAK2; dbSNP:rs121908957); /evidence=ECO:0000269|PubMed:11134403, ECO:0000269|PubMed:11959863, ECO:0000269|PubMed:17185750; /id=VAR_057835; VARIANT 84; /note=A -> V (in dbSNP:rs772008300); /evidence=ECO:0000269|PubMed:18853459; /id=VAR_057836; VARIANT 155; /note=G -> R (in LGMDR2; dbSNP:rs200970855); /evidence=ECO:0000269|PubMed:18853459; /id=VAR_057837; VARIANT 170; /note=A -> E (in dbSNP:rs34999029); /evidence=ECO:0000269|PubMed:16010686, ECO:0000269|PubMed:16100712, ECO:0000269|PubMed:18853459; /id=VAR_024853; VARIANT 189; /note=L -> V (in dbSNP:rs13407355); /evidence=ECO:0000269|PubMed:16010686, ECO:0000269|PubMed:18853459; /id=VAR_024854; VARIANT 234; /note=G -> E (in LGMDR2; dbSNP:rs141497053); /evidence=ECO:0000269|PubMed:18853459; /id=VAR_057838; VARIANT 253; /note=R -> W (found in patients with isolated hyperCKemia; dbSNP:rs149827237); /evidence=ECO:0000269|PubMed:16010686, ECO:0000269|PubMed:18853459; /id=VAR_024855; VARIANT 266; /note=L -> P (in pseudometabolic myopathy); /evidence=ECO:0000269|PubMed:16010686, ECO:0000269|PubMed:18853459; /id=VAR_024856; VARIANT 284; /note=I -> T (in LGMDR2; dbSNP:rs1553522164); /evidence=ECO:0000269|PubMed:18853459; /id=VAR_057839; VARIANT 299; /note=G -> E (in MMD1; dbSNP:rs1258728780); /evidence=ECO:0000269|PubMed:16010686, ECO:0000269|PubMed:18853459; /id=VAR_024857; VARIANT 299; /note=G -> R (in LGMDR2 and proximodistal myopathy; dbSNP:rs121908963); /evidence=ECO:0000269|PubMed:16705711, ECO:0000269|PubMed:18306167, ECO:0000269|PubMed:18853459; /id=VAR_057840; VARIANT 299; /note=G -> W (in MMD1; dbSNP:rs121908963); /evidence=ECO:0000269|PubMed:18306167; /id=VAR_057841; VARIANT 335; /note=G -> A; /evidence=ECO:0000269|PubMed:18853459; /id=VAR_057842; VARIANT 340; /note=S -> R (in proximodistal myopathy; dbSNP:rs766891289); /evidence=ECO:0000269|PubMed:18853459; /id=VAR_057843; VARIANT 374; /note=V -> L (in dbSNP:rs150724610); /evidence=ECO:0000269|PubMed:16100712, ECO:0000269|PubMed:18853459; /id=VAR_057844; VARIANT 386..390; /note=FRAED -> Y (in MMD1); /evidence=ECO:0000269|PubMed:18853459; /id=VAR_057845; VARIANT 389; /note=E -> Q (in MMD1); /evidence=ECO:0000269|PubMed:15515206; /id=VAR_057846; VARIANT 390; /note=D -> N (in dbSNP:rs886042389); /evidence=ECO:0000269|PubMed:18853459; /id=VAR_057847; VARIANT 426; /note=G -> R (in MMD1; dbSNP:rs886042093); /evidence=ECO:0000269|PubMed:18853459; /id=VAR_057848; VARIANT 426; /note=G -> V (in MMD1); /evidence=ECO:0000269|PubMed:15477515; /id=VAR_057849; VARIANT 456; /note=C -> W (in MMD1); /evidence=ECO:0000269|PubMed:16010686, ECO:0000269|PubMed:18853459; /id=VAR_024858; VARIANT 519; /note=G -> R (in MMD1; dbSNP:rs121908962); /evidence=ECO:0000269|PubMed:17287450; /id=VAR_057850; VARIANT 555; /note=R -> W (in LGMDR2 and MMD1; also found in patients with isolated hyperCKemia; dbSNP:rs377735262); /evidence=ECO:0000269|PubMed:16010686, ECO:0000269|PubMed:18853459; /id=VAR_024859; VARIANT 618; /note=G -> R (in MMD1 and LGMDR2; dbSNP:rs201049092); /evidence=ECO:0000269|PubMed:15469449, ECO:0000269|PubMed:18853459; /id=VAR_057851; VARIANT 621; /note=G -> R (in LGMDR2; dbSNP:rs886043900); /evidence=ECO:0000269|PubMed:16100712; /id=VAR_057852; VARIANT 625; /note=D -> Y (in LGMDR2; dbSNP:rs121908960); /evidence=ECO:0000269|PubMed:17287450; /id=VAR_057853; VARIANT 731; /note=P -> R (in LGMDR2); /evidence=ECO:0000269|PubMed:18853459; /id=VAR_057854; VARIANT 791; /note=P -> R (in MMD1 and LGMDR2; dbSNP:rs121908956); /evidence=ECO:0000269|PubMed:10196377, ECO:0000269|PubMed:16996541; /id=VAR_012308; VARIANT 819; /note=R -> Q (in dbSNP:rs748636047); /evidence=ECO:0000269|PubMed:18853459; /id=VAR_057855; VARIANT 834; /note=I -> V (in dbSNP:rs34671418); /id=VAR_049055; VARIANT 930; /note=W -> C (in LGMDR2; uncertain significance; dbSNP:rs727503910); /evidence=ECO:0000269|PubMed:16996541, ECO:0000269|PubMed:18853459; /id=VAR_057856; VARIANT 959; /note=R -> W (in MMD1 and LGMDR2; dbSNP:rs202218890); /evidence=ECO:0000269|PubMed:14678801, ECO:0000269|PubMed:16100712; /id=VAR_024860; VARIANT 999; /note=W -> C (in MMD1; dbSNP:rs28937581); /evidence=ECO:0000269|PubMed:12796534, ECO:0000269|Ref.28; /id=VAR_057857; VARIANT 1022; /note=R -> Q (in dbSNP:rs34211915); /evidence=ECO:0000269|PubMed:14678801, ECO:0000269|PubMed:15469449, ECO:0000269|PubMed:18853459; /id=VAR_024861; VARIANT 1029; /note=P -> L (in MMD1); /evidence=ECO:0000269|PubMed:18853459; /id=VAR_057858; VARIANT 1038; /note=R -> Q (in LGMDR2; dbSNP:rs150877497); /evidence=ECO:0000269|PubMed:14678801, ECO:0000269|PubMed:16100712, ECO:0000269|PubMed:18853459; /id=VAR_024862; VARIANT 1041; /note=R -> C (in MMD1; dbSNP:rs144598063); /evidence=ECO:0000269|PubMed:15469449; /id=VAR_057859; VARIANT 1046; /note=R -> H (in MMD1; dbNP:28939700; dbSNP:rs121908958); /evidence=ECO:0000269|PubMed:11468312, ECO:0000269|PubMed:16010686, ECO:0000269|PubMed:18853459; /id=VAR_024863; VARIANT 1065; /note=E -> EAE; /evidence=ECO:0000269|PubMed:16996541; /id=VAR_024864; VARIANT 1072; /note=A -> P (in dbSNP:rs34660230); /id=VAR_049056; VARIANT 1096; /note=R -> H (in dbSNP:rs59915619); /id=VAR_061170; VARIANT 1208; /note=I -> M (in LGMDR2; uncertain significance; dbSNP:rs148858485); /evidence=ECO:0000269|PubMed:16010686; /id=VAR_024865; VARIANT 1228; /note=L -> P (in LGMDR2; dbSNP:rs2152855991); /evidence=ECO:0000269|PubMed:18853459; /id=VAR_057860; VARIANT 1242; /note=R -> H (in dbSNP:rs2303603); /id=VAR_020308; VARIANT 1276; /note=L -> V (in proximodistal myopathy); /evidence=ECO:0000269|PubMed:16010686, ECO:0000269|PubMed:18853459; /id=VAR_024866; VARIANT 1298; /note=I -> V (in MMD1 and LGMDR2; dbSNP:rs121908954); /evidence=ECO:0000269|PubMed:9731526; /id=VAR_012309; VARIANT 1325; /note=I -> M (in a breast cancer sample; somatic mutation); /evidence=ECO:0000269|PubMed:16959974; /id=VAR_035893; VARIANT 1325; /note=I -> V (in dbSNP:rs145401010); /evidence=ECO:0000269|PubMed:18853459; /id=VAR_057861; VARIANT 1331; /note=R -> L (in dbSNP:rs61742872); /evidence=ECO:0000269|PubMed:14678801, ECO:0000269|PubMed:16010686; /id=VAR_024867; VARIANT 1335; /note=E -> K (in MMD1 and LGMDR2; dbSNP:rs758993965); /evidence=ECO:0000269|PubMed:14678801, ECO:0000269|PubMed:15469449, ECO:0000269|PubMed:16100712; /id=VAR_024868; VARIANT 1341; /note=L -> P (in LGMDR2; dbSNP:rs757917335); /evidence=ECO:0000269|PubMed:16705711; /id=VAR_057862; VARIANT 1349; /note=L -> V (in a breast cancer sample; somatic mutation); /evidence=ECO:0000269|PubMed:16959974; /id=VAR_035894; VARIANT 1351; /note=N -> S (in dbSNP:rs139529811); /evidence=ECO:0000269|PubMed:16010686; /id=VAR_024869; VARIANT 1361; /note=C -> R (in MMD1; dbSNP:rs776472879); /evidence=ECO:0000269|PubMed:15469449; /id=VAR_057863; VARIANT 1505; /note=Y -> C (in LGMDR2; dbSNP:rs757820496); /evidence=ECO:0000269|PubMed:15469449; /id=VAR_057864; VARIANT 1526; /note=K -> T (in LGMDR2; dbSNP:rs76086153); /evidence=ECO:0000269|PubMed:18853459; /id=VAR_057865; VARIANT 1543; /note=G -> D (in LGMDR2); /evidence=ECO:0000269|PubMed:18853459; /id=VAR_057866; VARIANT 1581; /note=R -> H (in dbSNP:rs185596534); /evidence=ECO:0000269|PubMed:12796534; /id=VAR_057867; VARIANT 1662; /note=T -> R (in MMD1); /evidence=ECO:0000269|PubMed:15469449; /id=VAR_057868; VARIANT 1678; /note=C -> S (found in patients with isolated hyperCKemia; dbSNP:rs753279446); /evidence=ECO:0000269|PubMed:16100712; /id=VAR_057869; VARIANT 1679; /note=G -> E (in MMD1); /evidence=ECO:0000269|PubMed:12796534; /id=VAR_057870; VARIANT 1693; /note=R -> Q (in MMD1; dbSNP:rs779987458); /evidence=ECO:0000269|PubMed:16010686, ECO:0000269|PubMed:18853459; /id=VAR_024870; VARIANT 1693; /note=R -> W (in MMD1; dbSNP:rs863225021); /evidence=ECO:0000269|PubMed:16100712; /id=VAR_057871; VARIANT 1734; /note=E -> G (in LGMDR2; dbSNP:rs121908961); /evidence=ECO:0000269|PubMed:17287450; /id=VAR_057872; VARIANT 1748; /note=E -> V (in proximodistal myopathy); /evidence=ECO:0000269|PubMed:16010686, ECO:0000269|PubMed:18853459; /id=VAR_024871; VARIANT 1768; /note=R -> W (in LGMDR2 and proximodistal myopathy; uncertain significance; dbSNP:rs746243052); /evidence=ECO:0000269|PubMed:16996541, ECO:0000269|PubMed:18853459; /id=VAR_057873; VARIANT 1837; /note=D -> N (in MMD1; dbSNP:rs398123794); /evidence=ECO:0000269|PubMed:16100712, ECO:0000269|PubMed:18853459; /id=VAR_057874; VARIANT 1842; /note=G -> D (in MMD1; dbSNP:rs1131692158); /evidence=ECO:0000269|PubMed:15116377; /id=VAR_057875; VARIANT 1857; /note=H -> R (in MMD1; dbSNP:rs199601326); /evidence=ECO:0000269|PubMed:9731526; /id=VAR_012310; VARIANT 1922; /note=L -> P (in MMD1; dbSNP:rs2095181926); /evidence=ECO:0000269|PubMed:15116377; /id=VAR_057876; VARIANT 1938..1939; /note=Missing (in MMD1); /evidence=ECO:0000269|PubMed:18853459; /id=VAR_057877; VARIANT 1942; /note=C -> G (in MMD1); /evidence=ECO:0000269|PubMed:16100712; /id=VAR_057878; VARIANT 1967; /note=G -> S; /evidence=ECO:0000269|PubMed:18853459; /id=VAR_057879; VARIANT 1970; /note=P -> S (in LGMDR2; dbSNP:rs1057521141); /evidence=ECO:0000269|PubMed:18853459; /id=VAR_057880; VARIANT 2000; /note=R -> Q (in MMD1; dbSNP:rs115407852); /evidence=ECO:0000269|PubMed:11468312; /id=VAR_024872; VARIANT 2042; /note=R -> C (in MMD1, LGMDR2 and proximodistal myopathy; dbSNP:rs121908955); /evidence=ECO:0000269|PubMed:16100712, ECO:0000269|PubMed:16996541, ECO:0000269|PubMed:18853459, ECO:0000269|PubMed:9731526; /id=VAR_012311; VARIANT 2068; /note=P -> L (in MMD1; dbSNP:rs149732545); /evidence=ECO:0000269|PubMed:15477515; /id=VAR_057881",NA,NA,NA,NA,NA,"MLRVFILYAENVHTPDTDISDAYCSAVFAGVKKRTKVIKNSVNPVWNEGFEWDLKGIPLDQGSELHVVVKDHETMGRNRFLGEAKVPLREVLATPSLSASFNAPLLDTKKQPTGASLVLQVSYTPLPGAVPLFPPPTPLEPSPTLPDLDVVADTGGEEDTEDQGLTGDEAEPFLDQSGGPGAPTTPRKLPSRPPPHYPGIKRKRSAPTSRKLLSDKPQDFQIRVQVIEGRQLPGVNIKPVVKVTAAGQTKRTRIHKGNSPLFNETLFFNLFDSPGELFDEPIFITVVDSRSLRTDALLGEFRMDVGTIYREPRHAYLRKWLLLSDPDDFSAGARGYLKTSLCVLGPGDEAPLERKDPSEDKEDIESNLLRPTGVALRGAHFCLKVFRAEDLPQMDDAVMDNVKQIFGFESNKKNLVDPFVEVSFAGKMLCSKILEKTANPQWNQNITLPAMFPSMCEKMRIRIIDWDRLTHNDIVATTYLSMSKISAPGGEIEEEPAGAVKPSKASDLDDYLGFLPTFGPCYINLYGSPREFTGFPDPYTELNTGKGEGVAYRGRLLLSLETKLVEHSEQKVEDLPADDILRVEKYLRRRKYSLFAAFYSATMLQDVDDAIQFEVSIGNYGNKFDMTCLPLASTTQYSRAVFDGCHYYYLPWGNVKPVVVLSSYWEDISHRIETQNQLLGIADRLEAGLEQVHLALKAQCSTEDVDSLVAQLTDELIAGCSQPLGDIHETPSATHLDQYLYQLRTHHLSQITEAALALKLGHSELPAALEQAEDWLLRLRALAEEPQNSLPDIVIWMLQGDKRVAYQRVPAHQVLFSRRGANYCGKNCGKLQTIFLKYPMEKVPGARMPVQIRVKLWFGLSVDEKEFNQFAEGKLSVFAETYENETKLALVGNWGTTGLTYPKFSDVTGKIKLPKDSFRPSAGWTWAGDWFVCPEKTLLHDMDAGHLSFVEEVFENQTRLPGGQWIYMSDNYTDVNGEKVLPKDDIECPLGWKWEDEEWSTDLNRAVDEQGWEYSITIPPERKPKHWVPAEKMYYTHRRRRWVRLRRRDLSQMEALKRHRQAEAEGEGWEYASLFGWKFHLEYRKTDAFRRRRWRRRMEPLEKTGPAAVFALEGALGGVMDDKSEDSMSVSTLSFGVNRPTISCIFDYGNRYHLRCYMYQARDLAAMDKDSFSDPYAIVSFLHQSQKTVVVKNTLNPTWDQTLIFYEIEIFGEPATVAEQPPSIVVELYDHDTYGADEFMGRCICQPSLERMPRLAWFPLTRGSQPSGELLASFELIQREKPAIHHIPGFEVQETSRILDESEDTDLPYPPPQREANIYMVPQNIKPALQRTAIEILAWGLRNMKSYQLANISSPSLVVECGGQTVQSCVIRNLRKNPNFDICTLFMEVMLPREELYCPPITVKVIDNRQFGRRPVVGQCTIRSLESFLCDPYSAESPSPQGGPDDVSLLSPGEDVLIDIDDKEPLIPIQEEEFIDWWSKFFASIGEREKCGSYLEKDFDTLKVYDTQLENVEAFEGLSDFCNTFKLYRGKTQEETEDPSVIGEFKGLFKIYPLPEDPAIPMPPRQFHQLAAQGPQECLVRIYIVRAFGLQPKDPNGKCDPYIKISIGKKSVSDQDNYIPCTLEPVFGKMFELTCTLPLEKDLKITLYDYDLLSKDEKIGETVVDLENRLLSKFGARCGLPQTYCVSGPNQWRDQLRPSQLLHLFCQQHRVKAPVYRTDRVMFQDKEYSIEEIEAGRIPNPHLGPVEERLALHVLQQQGLVPEHVESRPLYSPLQPDIEQGKLQMWVDLFPKALGRPGPPFNITPRRARRFFLRCIIWNTRDVILDDLSLTGEKMSDIYVKGWMIGFEEHKQKTDVHYRSLGGEGNFNWRFIFPFDYLPAEQVCTIAKKDAFWRLDKTESKIPARVVFQIWDNDKFSFDDFLGSLQLDLNRMPKPAKTAKKCSLDQLDDAFHPEWFVSLFEQKTVKGWWPCVAEEGEKKILAGKLEMTLEIVAESEHEERPAGQGRDEPNMNPKLEDPRRPDTSFLWFTSPYKTMKFILWRRFRWAIILFIILFILLLFLAIFIYAFPNYAAMKLVKPFS","SEQUENCE CAUTION:  Sequence=BAG51981.1; Type=Erroneous initiation; Evidence={ECO:0000305};  Sequence=CAA07603.1; Type=Erroneous initiation; Note=Extended N-terminus.; Evidence={ECO:0000305};  Sequence=CAA07603.1; Type=Frameshift; Evidence={ECO:0000305};",NA,NA,1
"Q6ZMI3","ALTERNATIVE PRODUCTS:  Event=Alternative splicing; Named isoforms=2; Name=1; IsoId=Q6ZMI3-1; Sequence=Displayed; Name=2; IsoId=Q6ZMI3-2; Sequence=VSP_019845;","VAR_SEQ 1..124; /note=Missing (in isoform 2); /evidence=ECO:0000303|PubMed:17974005; /id=VSP_019845",NA,NA,NA,551,58957,NA,"VARIANT 32; /note=A -> E (in LCCS11; abolishes cell surface localization; abolishes interaction with NFASC; dbSNP:rs779432560); /evidence=ECO:0000269|PubMed:27616481; /id=VAR_078545; VARIANT 141; /note=S -> N (in dbSNP:rs17648128); /id=VAR_027039; VARIANT 265; /note=S -> N (in dbSNP:rs17648128); /evidence=ECO:0000269|PubMed:12975309; /id=VAR_050424; VARIANT 351; /note=D -> N (in dbSNP:rs35223886); /id=VAR_061484; VARIANT 475; /note=A -> P (in LCCS11; abolishes cell surface localization; abolishes interaction with NFASC; dbSNP:rs764239923); /evidence=ECO:0000269|PubMed:27616481; /id=VAR_078546",NA,NA,NA,NA,NA,"MARGAEGGRGDAGWGLRGALAAVALLSALNAAGTVFALCQWRGLSSALRALEAQRGREQREDSALRSFLAELSRAPRGASAPPQDPASSARNKRSHSGEPAPHIRAESHDMLMMMTYSMVPIRVMVDLCNSTKGICLTGPSGPPGPPGAGGLPGHNGLDGQPGPQGPKGEKGANGKRGKMGIPGAAGNPGERGEKGDHGELGLQGNEGPPGQKGEKGDKGDVSNDVLLAGAKGDQGPPGPPGPPGPPGPPGPPGSRRAKGPRQPSMFNGQCPGETCAIPNDDTLVGKADEKASEHHSPQAESMITSIGNPVQVLKVTETFGTWIRESANKSDDRIWVTEHFSGIMVKEFKDQPSLLNGSYTFIHLPYYFHGCGHVVYNNSLYYHKGGSNTLVRFEFGQETSQTLKLENALYFDRKYLFANSKTYFNLAVDEKGLWIIYASSVDGSSILVAQLDERTFSVVQHVNTTYPKSKAGNAFIARGILYVTDTKDMRVTFAFDLLGGKQINANFDLRTSQSVLAMLAYNMRDQHLYSWEDGHLMLYPVQFLSTTLNQ",NA,"CONFLICT 376; /note=V -> A (in Ref. 2; CAD98018); /evidence=ECO:0000305",NA,1
"P26715","ALTERNATIVE PRODUCTS:  Event=Alternative splicing; Named isoforms=2; Name=NKG2-A; IsoId=P26715-1; Sequence=Displayed; Name=NKG2-B; IsoId=P26715-2; Sequence=VSP_003062;","VAR_SEQ 96..113; /note=Missing (in isoform NKG2-B); /evidence=ECO:0000303|PubMed:15489334, ECO:0000303|PubMed:2007850; /id=VSP_003062",NA,NA,NA,233,26314,NA,"VARIANT 29; /note=N -> S (in dbSNP:rs2253849); /evidence=ECO:0000269|PubMed:15489334, ECO:0000269|PubMed:2007850, ECO:0000269|PubMed:8753859, ECO:0000269|PubMed:9598306, ECO:0000269|Ref.4; /id=VAR_050120",NA,NA,NA,NA,NA,"MDNQGVIYSDLNLPPNPKRQQRKPKGNKNSILATEQEITYAELNLQKASQDFQGNDKTYHCKDLPSAPEKLIVGILGIICLILMASVVTIVVIPSTLIQRHNNSSLNTRTQKARHCGHCPEEWITYSNSCYYIGKERRTWEESLLACTSKNSSLLSIDNEEEMKFLSIISPSSWIGVFRNSSHHPWVTMNGLAFKHEIKDSDNAELNCAVLQVNRLKSAQCGSSIIYHCKHKL",NA,NA,NA,2
"Q9NZS2","ALTERNATIVE PRODUCTS:  Event=Alternative splicing; Named isoforms=4; Name=1; IsoId=Q9NZS2-1; Sequence=Displayed; Name=2; Synonyms=KLRF1-s1; IsoId=Q9NZS2-2; Sequence=VSP_010391; Name=3; Synonyms=KLRF1-s3; IsoId=Q9NZS2-3; Sequence=VSP_010390, VSP_010392; Name=4; Synonyms=KLRF1-s2; IsoId=Q9NZS2-4; Sequence=VSP_010393, VSP_010394;","VAR_SEQ 62..78; /note=VSQGVLLKCQKGSCSNA -> GFYTEKPKTIKLRMDWA (in isoform 4); /evidence=ECO:0000303|PubMed:11513955; /id=VSP_010393; VAR_SEQ 62..64; /note=VSQ -> DSS (in isoform 3); /evidence=ECO:0000303|PubMed:11513955; /id=VSP_010390; VAR_SEQ 63..112; /note=Missing (in isoform 2); /evidence=ECO:0000303|PubMed:10671213; /id=VSP_010391; VAR_SEQ 65..231; /note=Missing (in isoform 3); /evidence=ECO:0000303|PubMed:11513955; /id=VSP_010392; VAR_SEQ 79..231; /note=Missing (in isoform 4); /evidence=ECO:0000303|PubMed:11513955; /id=VSP_010394",NA,NA,NA,231,26563,NA,"VARIANT 67; /note=L -> F (in dbSNP:rs2232548); /id=VAR_047544",NA,NA,NA,NA,NA,"MQDEERYMTLNVQSKKRSSAQTSQLTFKDYSVTLHWYKILLGISGTVNGILTLTLISLILLVSQGVLLKCQKGSCSNATQYEDTGDLKVNNGTRRNISNKDLCASRSADQTVLCQSEWLKYQGKCYWFSNEMKSWSDSYVYCLERKSHLLIIHDQLEMAFIQKNLRQLNYVWIGLNFTSLKMTWTWVDGSPIDSKIFFIKGPAKENSCAAIKESKIFSETCSSVFKWICQY",NA,NA,NA,3
"P26718","ALTERNATIVE PRODUCTS:  Event=Alternative splicing; Named isoforms=1; Comment=A number of isoforms are produced.; Name=1; IsoId=P26718-1; Sequence=Displayed;",NA,NA,NA,NA,216,25304,NA,"VARIANT 72; /note=T -> A (in dbSNP:rs2255336); /evidence=ECO:0000269|PubMed:11751968, ECO:0000269|PubMed:15489334, ECO:0000269|PubMed:2007850, ECO:0000269|PubMed:9683661, ECO:0000269|Ref.3; /id=VAR_013295; VARIANT 177; /note=N -> S (in dbSNP:rs2306182); /id=VAR_030738",NA,NA,NA,NA,NA,"MGWIRGRRSRHSWEMSEFHNYNLDLKKSDFSTRWQKQRCPVVKSKCRENASPFFFCCFIAVAMGIRFIIMVTIWSAVFLNSLFNQEVQIPLTESYCGPCPKNWICYKNNCYQFFDESKNWYESQASCMSQNASLLKVYSKEDQDLLKLVKSYHWMGLVHIPTNGSWQWEDGSILSPNLLTIIEMQKGDCALYASSFKGYIENCSTPNTYICMQRTV",NA,"CONFLICT 186; /note=K -> R (in Ref. 5; BAF84709); /evidence=ECO:0000305",NA,2
"Q8IX19","ALTERNATIVE PRODUCTS:  Event=Alternative initiation; Named isoforms=2; Name=1; IsoId=Q8IX19-1; Sequence=Displayed; Name=2; IsoId=Q8IX19-2; Sequence=VSP_062196;","VAR_SEQ 1..13; /note=Missing (in isoform 2); /id=VSP_062196",NA,NA,NA,187,21229,NA,"VARIANT 129; /note=V -> I (in dbSNP:rs8111596); /id=VAR_059697; VARIANT 167; /note=I -> V (in dbSNP:rs72996468); /evidence=ECO:0000269|PubMed:15953541; /id=VAR_030180; VARIANT 175; /note=L -> V (in dbSNP:rs10409343); /id=VAR_051159",NA,NA,NA,NA,NA,"MEVEEIYKHQEVKMQAPAFRDKKQGVSAKNQGAHDPDYENITLAFKNQDHAKGGHSRPTSQVPAQCRPPSDSTQVPCWLYRAILSLYILLALAFVLCIILSAFIMVKNAEMSKELLGFKRELWNVSNSVQACEERQKRGWDSVQQSITMVRSKIDRLETTLAGIKNIDTKVQKILEVLQKMPQSSPQ",NA,NA,NA,1
"Q9NZM1","ALTERNATIVE PRODUCTS:  Event=Alternative splicing; Named isoforms=8; Name=1; IsoId=Q9NZM1-1; Sequence=Displayed; Name=2; IsoId=Q9NZM1-2; Sequence=VSP_001515; Name=3; IsoId=Q9NZM1-3; Sequence=VSP_001516, VSP_001517; Name=4; IsoId=Q9NZM1-4; Sequence=VSP_023797, VSP_023798; Name=5; IsoId=Q9NZM1-5; Sequence=VSP_023802; Name=6; IsoId=Q9NZM1-6; Sequence=VSP_023801; Name=7; IsoId=Q9NZM1-7; Sequence=VSP_023800; Name=8; IsoId=Q9NZM1-8; Sequence=VSP_023796, VSP_023799;","VAR_SEQ 1..87; /note=MLRVIVESASNIPKTKFGKPDPIVSVIFKDEKKKTKKVDNELNPVWNEILEFDLRGIPLDFSSSLGIIVKDFETIGQNKLIGTATVA -> MRPPKEGSGSNICCSAIFAVLQPPLVISRQTRSGMDLQQTPTDLQ (in isoform 2); /evidence=ECO:0000303|PubMed:10607832; /id=VSP_001515; VAR_SEQ 1..29; /note=MLRVIVESASNIPKTKFGKPDPIVSVIFK -> MIPPNSPPNRT (in isoform 8); /evidence=ECO:0000303|PubMed:15489334; /id=VSP_023796; VAR_SEQ 146..160; /note=DGEEDEGDEDRLDNA -> KLTLLKAQPPPGGGC (in isoform 4); /evidence=ECO:0000305; /id=VSP_023797; VAR_SEQ 161..2061; /note=Missing (in isoform 4); /evidence=ECO:0000305; /id=VSP_023798; VAR_SEQ 438..2061; /note=Missing (in isoform 8); /evidence=ECO:0000303|PubMed:15489334; /id=VSP_023799; VAR_SEQ 446..2061; /note=Missing (in isoform 7); /evidence=ECO:0000305; /id=VSP_023800; VAR_SEQ 473..485; /note=Missing (in isoform 6); /evidence=ECO:0000303|PubMed:10995573; /id=VSP_023801; VAR_SEQ 1224..1707; /note=Missing (in isoform 5); /evidence=ECO:0000303|PubMed:15489334; /id=VSP_023802; VAR_SEQ 1442; /note=K -> KCLSSMSTALSKMASPATVH (in isoform 3); /evidence=ECO:0000303|PubMed:17974005; /id=VSP_001516; VAR_SEQ 1757..1787; /note=QGKLQMWVDVFPKSLGPPGPPFNITPRKAKK -> R (in isoform 3); /evidence=ECO:0000303|PubMed:17974005; /id=VSP_001517",NA,NA,NA,2061,234709,NA,"VARIANT 217; /note=R -> S (in HAE7; uncertain significance; dbSNP:rs1256778304); /evidence=ECO:0000269|PubMed:32542751; /id=VAR_085819; VARIANT 1136; /note=V -> I (in dbSNP:rs36032890); /id=VAR_049058; VARIANT 1198; /note=Y -> F (in dbSNP:rs12256834); /id=VAR_031250; VARIANT 1399; /note=R -> C (in dbSNP:rs11187393); /id=VAR_031251; VARIANT 1701; /note=G -> A (in dbSNP:rs34000599); /id=VAR_049059; VARIANT 1783; /note=R -> Q (in dbSNP:rs11594445); /id=VAR_031252",NA,NA,NA,NA,NA,"MLRVIVESASNIPKTKFGKPDPIVSVIFKDEKKKTKKVDNELNPVWNEILEFDLRGIPLDFSSSLGIIVKDFETIGQNKLIGTATVALKDLTGDQSRSLPYKLISLLNEKGQDTGATIDLVIGYDPPSAPHPNDLSGPSVPGMGGDGEEDEGDEDRLDNAVRGPGPKGPVGTVSEAQLARRLTKVKNSRRMLSNKPQDFQIRVRVIEGRQLSGNNIRPVVKVHVCGQTHRTRIKRGNNPFFDELFFYNVNMTPSELMDEIISIRVYNSHSLRADCLMGEFKIDVGFVYDEPGHAVMRKWLLLNDPEDTSSGSKGYMKVSMFVLGTGDEPPPERRDRDNDSDDVESNLLLPAGIALRWVTFLLKIYRAEDIPQMDDAFSQTVKEIFGGNADKKNLVDPFVEVSFAGKKVCTNIIEKNANPEWNQVVNLQIKFPSVCEKIKLTIYDWDRLTKNDVVGTTYLHLSKIAASGGEVEDFSSSGTGAASYTVNTGETEVGFVPTFGPCYLNLYGSPREYTGFPDPYDELNTGKGEGVAYRGRILVELATFLEKTPPDKKLEPISNDDLLVVEKYQRRRKYSLSAVFHSATMLQDVGEAIQFEVSIGNYGNKFDTTCKPLASTTQYSRAVFDGNYYYYLPWAHTKPVVTLTSYWEDISHRLDAVNTLLAMAERLQTNIEALKSGIQGKIPANQLAELWLKLIDEVIEDTRYTLPLTEGKANVTVLDTQIRKLRSRSLSQIHEAAVRMRSEATDVKSTLAEIEDWLDKLMQLTEEPQNSMPDIIIWMIRGEKRLAYARIPAHQVLYSTSGENASGKYCGKTQTIFLKYPQEKNNGPKVPVELRVNIWLGLSAVEKKFNSFAEGTFTVFAEMYENQALMFGKWGTSGLVGRHKFSDVTGKIKLKREFFLPPKGWEWEGEWIVDPERSLLTEADAGHTEFTDEVYQNESRYPGGDWKPAEDTYTDANGDKAASPSELTCPPGWEWEDDAWSYDINRAVDEKGWEYGITIPPDHKPKSWVAAEKMYHTHRRRRLVRKRKKDLTQTASSTARAMEELQDQEGWEYASLIGWKFHWKQRSSDTFRRRRWRRKMAPSETHGAAAIFKLEGALGADTTEDGDEKSLEKQKHSATTVFGANTPIVSCNFDRVYIYHLRCYVYQARNLLALDKDSFSDPYAHICFLHRSKTTEIIHSTLNPTWDQTIIFDEVEIYGEPQTVLQNPPKVIMELFDNDQVGKDEFLGRSIFSPVVKLNSEMDITPKLLWHPVMNGDKACGDVLVTAELILRGKDGSNLPILPPQRAPNLYMVPQGIRPVVQLTAIEILAWGLRNMKNFQMASITSPSLVVECGGERVESVVIKNLKKTPNFPSSVLFMKVFLPKEELYMPPLVIKVIDHRQFGRKPVVGQCTIERLDRFRCDPYAGKEDIVPQLKASLLSAPPCRDIVIEMEDTKPLLASKLTEKEEEIVDWWSKFYASSGEHEKCGQYIQKGYSKLKIYNCELENVAEFEGLTDFSDTFKLYRGKSDENEDPSVVGEFKGSFRIYPLPDDPSVPAPPRQFRELPDSVPQECTVRIYIVRGLELQPQDNNGLCDPYIKITLGKKVIEDRDHYIPNTLNPVFGRMYELSCYLPQEKDLKISVYDYDTFTRDEKVGETIIDLENRFLSRFGSHCGIPEEYCVSGVNTWRDQLRPTQLLQNVARFKGFPQPILSEDGSRIRYGGRDYSLDEFEANKILHQHLGAPEERLALHILRTQGLVPEHVETRTLHSTFQPNISQGKLQMWVDVFPKSLGPPGPPFNITPRKAKKYYLRVIIWNTKDVILDEKSITGEEMSDIYVKGWIPGNEENKQKTDVHYRSLDGEGNFNWRFVFPFDYLPAEQLCIVAKKEHFWSIDQTEFRIPPRLIIQIWDNDKFSLDDYLGFLELDLRHTIIPAKSPEKCRLDMIPDLKAMNPLKAKTASLFEQKSMKGWWPCYAEKDGARVMAGKVEMTLEILNEKEADERPAGKGRDEPNMNPKLDLPNRPETSFLWFTNPCKTMKFIVWRRFKWVIIGLLFLLILLLFVAVLLYSLPNYLSMKIVKPNV","SEQUENCE CAUTION:  Sequence=AAH40110.1; Type=Miscellaneous discrepancy; Note=Contaminating sequence. Potential poly-A sequence.; Evidence={ECO:0000305};  Sequence=BAG52097.1; Type=Erroneous initiation; Note=Truncated N-terminus.; Evidence={ECO:0000305};","CONFLICT 251; /note=M -> T (in Ref. 2; AAG23737); /evidence=ECO:0000305; CONFLICT 621; /note=R -> W (in Ref. 7; CAB46370); /evidence=ECO:0000305; CONFLICT 659; /note=T -> A (in Ref. 2; AAG23737 and 7; CAB46370); /evidence=ECO:0000305; CONFLICT 846; /note=E -> A (in Ref. 1; AAF27177); /evidence=ECO:0000305; CONFLICT 1136; /note=V -> D (in Ref. 7; CAB46370); /evidence=ECO:0000305; CONFLICT 1163; /note=Y -> F (in Ref. 7; CAB46370); /evidence=ECO:0000305; CONFLICT 1544; /note=E -> G (in Ref. 2; AAG23737 and 7; CAB46370); /evidence=ECO:0000305; CONFLICT 1574; /note=C -> R (in Ref. 7; CAB46370); /evidence=ECO:0000305; CONFLICT 1723; /note=P -> H (in Ref. 1; AAF27177); /evidence=ECO:0000305; CONFLICT 1834; /note=H -> R (in Ref. 7; CAB46370); /evidence=ECO:0000305; CONFLICT 1946..1952; /note=MKGWWPC -> IRMVAM (in Ref. 1; AAF27177); /evidence=ECO:0000305",NA,1
"O95502","ALTERNATIVE PRODUCTS:  ",NA,NA,NA,NA,500,52846,NA,NA,NA,NA,NA,NA,NA,"MKFLAVLLAAGMLAFLGAVICIIASVPLAASPARALPGGADNASVASGAAASPGPQRSLSALHGAGGSAGPPALPGAPAASAHPLPPGPLFSRFLCTPLAAACPSGAQQGDAAGAAPGEREELLLLQSTAEQLRQTALQQEARIRADQDTIRELTGKLGRCESGLPRGLQGAGPRRDTMADGPWDSPALILELEDAVRALRDRIDRLEQELPARVNLSAAPAPVSAVPTGLHSKMDQLEGQLLAQVLALEKERVALSHSSRRQRQEVEKELDVLQGRVAELEHGSSAYSPPDAFKISIPIRNNYMYARVRKALPELYAFTACMWLRSRSSGTGQGTPFSYSVPGQANEIVLLEAGHEPMELLINDKVAQLPLSLKDNGWHHICIAWTTRDGLWSAYQDGELQGSGENLAAWHPIKPHGILILGQEQDTLGGRFDATQAFVGDIAQFNLWDHALTPAQVLGIANCTAPLLGNVLPWEDKLVEAFGGATKAAFDVCKGRAKA",NA,NA,NA,2
"P78380","ALTERNATIVE PRODUCTS:  Event=Alternative splicing; Named isoforms=3; Name=1; IsoId=P78380-1; Sequence=Displayed; Name=2; IsoId=P78380-2; Sequence=VSP_042555; Name=3; IsoId=P78380-3; Sequence=VSP_045277;","VAR_SEQ 142..273; /note=APCPQDWIWHGENCYLFSSGSFNWEKSQEKCLSLDAKLLKINSTADLDFIQQAISYSSFPFWMGLSRRNPSYPWLWEDGSPLMPHLFRVRGAVSQTYPSGTCAYIQRGAVYAENCILAAFSICQKKANLRAQ -> GLHPASNFLFQFSILDGAVSEEPQLPMALGGRFSFDAPLI (in isoform 2); /evidence=ECO:0000303|PubMed:14702039; /id=VSP_042555; VAR_SEQ 189..273; /note=DFIQQAISYSSFPFWMGLSRRNPSYPWLWEDGSPLMPHLFRVRGAVSQTYPSGTCAYIQRGAVYAENCILAAFSICQKKANLRAQ -> I (in isoform 3); /evidence=ECO:0000303|Ref.7; /id=VSP_045277",NA,NA,NA,273,30959,NA,"VARIANT 167; /note=K -> N (myocardial infarction susceptibility; dbSNP:rs11053646); /evidence=ECO:0000269|PubMed:12646194, ECO:0000269|PubMed:14702039; /id=VAR_023200",NA,NA,NA,NA,NA,"MTFDDLKIQTVKDQPDEKSNGKKAKGLQFLYSPWWCLAAATLGVLCLGLVVTIMVLGMQLSQVSDLLTQEQANLTHQKKKLEGQISARQQAEEASQESENELKEMIETLARKLNEKSKEQMELHHQNLNLQETLKRVANCSAPCPQDWIWHGENCYLFSSGSFNWEKSQEKCLSLDAKLLKINSTADLDFIQQAISYSSFPFWMGLSRRNPSYPWLWEDGSPLMPHLFRVRGAVSQTYPSGTCAYIQRGAVYAENCILAAFSICQKKANLRAQ",NA,NA,NA,1
"Q9BX97","ALTERNATIVE PRODUCTS:  ",NA,NA,NA,NA,442,50594,NA,"VARIANT 34; /note=L -> P (in DIAR10; dbSNP:rs1568378665); /evidence=ECO:0000269|PubMed:29875123; /id=VAR_081738; VARIANT 330..442; /note=Missing (in DIAR10); /evidence=ECO:0000269|PubMed:29661969; /id=VAR_081739; VARIANT 358..442; /note=Missing (in DIAR10; the protein is not expressed in the patient biopsy tissues); /evidence=ECO:0000269|PubMed:26207260; /id=VAR_081740",NA,NA,NA,NA,NA,"MGLAMEHGGSYARAGGSSRGCWYYLRYFFLFVSLIQFLIILGLVLFMVYGNVHVSTESNLQATERRAEGLYSQLLGLTASQSNLTKELNFTTRAKDAIMQMWLNARRDLDRINASFRQCQGDRVIYTNNQRYMAAIILSEKQCRDQFKDMNKSCDALLFMLNQKVKTLEVEIAKEKTICTKDKESVLLNKRVAEEQLVECVKTRELQHQERQLAKEQLQKVQALCLPLDKDKFEMDLRNLWRDSIIPRSLDNLGYNLYHPLGSELASIRRACDHMPSLMSSKVEELARSLRADIERVARENSDLQRQKLEAQQGLRASQEAKQKVEKEAQAREAKLQAECSRQTQLALEEKAVLRKERDNLAKELEEKKREAEQLRMELAIRNSALDTCIKTKSQPMMPVSRPMGPVPNPQPIDPASLEEFKRKILESQRPPAGIPVAPSSG",NA,"CONFLICT 130; /note=Q -> H (in Ref. 2; AAK11226); /evidence=ECO:0000305; CONFLICT 328..332; /note=Missing (in Ref. 3; BAC04681); /evidence=ECO:0000305; CONFLICT 439; /note=P -> L (in Ref. 3; BAC04681); /evidence=ECO:0000305",NA,1
"Q7Z6L0","ALTERNATIVE PRODUCTS:  Event=Alternative splicing; Named isoforms=3; Name=1; IsoId=Q7Z6L0-1; Sequence=Displayed; Name=2; IsoId=Q7Z6L0-2; Sequence=VSP_028815; Name=3; IsoId=Q7Z6L0-3; Sequence=VSP_028814;","VAR_SEQ 294..340; /note=SRNSLQQGDVDGAQRLGRVAKLLSIVALVGGVLIIIASCVINLGVYK -> VSPMGP (in isoform 3); /evidence=ECO:0000303|PubMed:14702039; /id=VSP_028814; VAR_SEQ 337; /note=G -> GGEWGLGTGRGGMEGLARAALLTPAPALSCLSSLPLLCLSLSPPPPVCPSLSSPT (in isoform 2); /evidence=ECO:0000303|PubMed:14702039, ECO:0000303|PubMed:16303743; /id=VSP_028815",NA,NA,NA,340,34945,NA,"VARIANT 138; /note=P -> A (in dbSNP:rs79182085); /evidence=ECO:0000269|PubMed:22101681; /id=VAR_067010; VARIANT 147; /note=D -> H (in dbSNP:rs79568162); /evidence=ECO:0000269|PubMed:22101681; /id=VAR_067011; VARIANT 214; /note=A -> P (in dbSNP:rs745594874); /evidence=ECO:0000269|PubMed:22101681; /id=VAR_067012; VARIANT 215; /note=P -> R (in dbSNP:rs200926711); /evidence=ECO:0000269|PubMed:22243967; /id=VAR_067320; VARIANT 216; /note=P -> L (in dbSNP:rs76335820); /evidence=ECO:0000269|PubMed:22243967; /id=VAR_067321; VARIANT 237; /note=G -> R (in dbSNP:rs199556853); /evidence=ECO:0000269|PubMed:22101681; /id=VAR_067013; VARIANT 240..340; /note=Missing (in ICCA; may be produced at very low levels due to a premature stop codon in the mRNA, that could lead to nonsense-mediated mRNA decay; dbSNP:rs387907126); /evidence=ECO:0000269|PubMed:22832103; /id=VAR_080269; VARIANT 245; /note=R -> H (in dbSNP:rs754897123); /evidence=ECO:0000269|PubMed:22101681; /id=VAR_067014; VARIANT 266; /note=R -> W (in EKD1; dbSNP:rs387907128); /evidence=ECO:0000269|PubMed:22120146; /id=VAR_067322; VARIANT 281; /note=W -> R (in EKD1); /evidence=ECO:0000269|PubMed:22131361; /id=VAR_067323; VARIANT 287; /note=A -> T (in EKD1; may affect subcellular location, becoming predominantly cytoplasmic; impairs interaction with GRIA1 and SNAP25); /evidence=ECO:0000269|PubMed:22131361, ECO:0000269|PubMed:25915028; /id=VAR_067324; VARIANT 305; /note=G -> R (in EKD1; dbSNP:rs767799831); /evidence=ECO:0000269|PubMed:22209761; /id=VAR_067325; VARIANT 308; /note=R -> C (in EKD1; no effect on location at the plasma membrane; dbSNP:rs932713001); /evidence=ECO:0000269|PubMed:22131361, ECO:0000269|PubMed:27172900; /id=VAR_067326; VARIANT 317; /note=S -> N (in ICCA; dbSNP:rs387907125); /evidence=ECO:0000269|PubMed:22243967; /id=VAR_067327; VARIANT 323; /note=G -> E (in BFIS2); /evidence=ECO:0000269|PubMed:22623405; /id=VAR_068426",NA,NA,NA,NA,NA,"MAASSSEISEMKGVEESPKVPGEGPGHSEAETGPPQVLAGVPDQPEAPQPGPNTTAAPVDSGPKAGLAPETTETPAGASETAQATDLSLSPGGESKANCSPEDPCQETVSKPEVSKEATADQGSRLESAAPPEPAPEPAPQPDPRPDSQPTPKPALQPELPTQEDPTPEILSESVGEKQENGAVVPLQAGDGEEGPAPEPHSPPSKKSPPANGAPPRVLQQLVEEDRMRRAHSGHPGSPRGSLSRHPSSQLAGPGVEGGEGTQKPRDYIILAILSCFCPMWPVNIVAFAYAVMSRNSLQQGDVDGAQRLGRVAKLLSIVALVGGVLIIIASCVINLGVYK",NA,"CONFLICT 151; /note=T -> S (in Ref. 5; AAH11405); /evidence=ECO:0000305; CONFLICT 214; /note=A -> AP (in Ref. 3; CAD38881); /evidence=ECO:0000305; CONFLICT 275; /note=S -> P (in Ref. 3; CAD38881); /evidence=ECO:0000305",NA,1
"Q9BYE2","ALTERNATIVE PRODUCTS:  Event=Alternative splicing; Named isoforms=5; Name=1; Synonyms=MSPL {ECO:0000303|PubMed:11267681}; IsoId=Q9BYE2-1; Sequence=Displayed; Name=2; IsoId=Q9BYE2-2; Sequence=VSP_013103, VSP_013104; Name=3; Synonyms=MSPS {ECO:0000303|PubMed:11267681}; IsoId=Q9BYE2-3; Sequence=VSP_013099, VSP_013102; Name=4; IsoId=Q9BYE2-4; Sequence=VSP_013100, VSP_013101; Name=6; IsoId=Q9BYE2-6; Sequence=VSP_013102;","VAR_SEQ 151..186; /note=GTSLPKFTWREGQKQLPLIGCVLLLIALVVSLIILF -> V (in isoform 3); /evidence=ECO:0000303|PubMed:11267681, ECO:0000303|PubMed:14702039; /id=VSP_013099; VAR_SEQ 428..491; /note=AHIHPACLPMHGQTFSLNETCWITGFGKTRETDDKTSPFLREVQVNLIDFKKCNDYLVYDSYLT -> GEGICTPRSPAPQPQHPLQPSHLSASVNSYPGPKASAGQKSKTLKDPYMEHFCFIIRETEAQGL (in isoform 4); /evidence=ECO:0000303|PubMed:14702039; /id=VSP_013100; VAR_SEQ 492..586; /note=Missing (in isoform 4); /evidence=ECO:0000303|PubMed:14702039; /id=VSP_013101; VAR_SEQ 560..586; /note=VRSLQQDTAPSRLGTSSGGDPGGAPRL -> SEVRFRKS (in isoform 3 and isoform 6); /evidence=ECO:0000303|PubMed:11267681, ECO:0000303|PubMed:15489334; /id=VSP_013102; VAR_SEQ 560..563; /note=VRSL -> SSAG (in isoform 2); /evidence=ECO:0000303|Ref.3; /id=VSP_013103; VAR_SEQ 564..586; /note=Missing (in isoform 2); /evidence=ECO:0000303|Ref.3; /id=VSP_013104",NA,NA,NA,586,63167,NA,"VARIANT 73; /note=R -> RASPAQ; /evidence=ECO:0000303|PubMed:11267681; /id=VAR_081354; VARIANT 74..78; /note=Missing; /evidence=ECO:0000303|PubMed:11267681, ECO:0000303|PubMed:15489334, ECO:0000303|Ref.3; /id=VAR_081355",NA,NA,NA,"POLYMORPHISM: The repeat A-S-P-A-[GLQR] is polymorphic and the number of copies varies between 12 to 14. {ECO:0000269|PubMed:11267681}.",NA,"MERDSHGNASPARTPSAGASPAQASPAGTPPGRASPAQASPAQASPAGTPPGRASPAQASPAGTPPGRASPGRASPAQASPAQASPARASPALASLSRSSSGRSSSARSASVTTSPTRVYLVRATPVGAVPIRSSPARSAPATRATRESPGTSLPKFTWREGQKQLPLIGCVLLLIALVVSLIILFQFWQGHTGIRYKEQRESCPKHAVRCDGVVDCKLKSDELGCVRFDWDKSLLKIYSGSSHQWLPICSSNWNDSYSEKTCQQLGFESAHRTTEVAHRDFANSFSILRYNSTIQESLHRSECPSQRYISLQCSHCGLRAMTGRIVGGALASDSKWPWQVSLHFGTTHICGGTLIDAQWVLTAAHCFFVTREKVLEGWKVYAGTSNLHQLPEAASIAEIIINSNYTDEEDDYDIALMRLSKPLTLSAHIHPACLPMHGQTFSLNETCWITGFGKTRETDDKTSPFLREVQVNLIDFKKCNDYLVYDSYLTPRMMCAGDLRGGRDSCQGDSGGPLVCEQNNRWYLAGVTSWGTGCGQRNKPGVYTKVTEVLPWIYSKMEVRSLQQDTAPSRLGTSSGGDPGGAPRL",NA,"CONFLICT 192; /note=H -> Y (in Ref. 3; AAO38062); /evidence=ECO:0000305; CONFLICT 206; /note=K -> E (in Ref. 3; AAO38062); /evidence=ECO:0000305; CONFLICT 211; /note=C -> R (in Ref. 3; AAO38062); /evidence=ECO:0000305; CONFLICT 510; /note=D -> G (in Ref. 4; BAG62041); /evidence=ECO:0000305; CONFLICT 586; /note=L -> V (in Ref. 1; BAB39741); /evidence=ECO:0000305",NA,5
"O15393","ALTERNATIVE PRODUCTS:  Event=Alternative splicing; Named isoforms=2; Name=1; IsoId=O15393-1; Sequence=Displayed; Name=2; IsoId=O15393-2; Sequence=VSP_045083;","VAR_SEQ 1; /note=M -> MPPAPPGGESGCEERGAAGHIEHSRYLSLLDAVDNSKM (in isoform 2); /evidence=ECO:0000303|PubMed:14702039; /id=VSP_045083",NA,NA,NA,492,53859,NA,"VARIANT 28; /note=A -> T; /evidence=ECO:0000269|PubMed:32867305; /id=VAR_084538; VARIANT 74; /note=G -> R; /evidence=ECO:0000269|PubMed:32867305; /id=VAR_084539; VARIANT 160; /note=V -> M (in dbSNP:rs12329760); /evidence=ECO:0000269|PubMed:11414763, ECO:0000269|PubMed:17918732, ECO:0000269|PubMed:32867305, ECO:0000269|PubMed:9325052; /id=VAR_027674; VARIANT 254; /note=S -> C; /evidence=ECO:0000269|PubMed:17918732; /id=VAR_038002; VARIANT 329; /note=E -> Q (in dbSNP:rs775137340); /evidence=ECO:0000269|PubMed:17918732, ECO:0000269|PubMed:9325052; /id=VAR_038003; VARIANT 449; /note=K -> N (in dbSNP:rs1056602); /id=VAR_011692; VARIANT 491; /note=D -> N (in dbSNP:rs779875214); /evidence=ECO:0000269|PubMed:17918732; /id=VAR_038004; VARIANT O15393-2:8; /note=G -> R (in dbSNP:rs200291871); /evidence=ECO:0000269|PubMed:32867305; /id=VAR_084541; VARIANT O15393-2:8; /note=G -> V (in dbSNP:rs75603675); /evidence=ECO:0000269|PubMed:32867305; /id=VAR_084540",NA,NA,NA,NA,NA,"MALNSGSPPAIGPYYENHGYQPENPYPAQPTVVPTVYEVHPAQYYPSPVPQYAPRVLTQASNPVVCTQPKSPSGTVCTSKTKKALCITLTLGTFLVGAALAAGLLWKFMGSKCSNSGIECDSSGTCINPSNWCDGVSHCPGGEDENRCVRLYGPNFILQVYSSQRKSWHPVCQDDWNENYGRAACRDMGYKNNFYSSQGIVDDSGSTSFMKLNTSAGNVDIYKKLYHSDACSSKAVVSLRCIACGVNLNSSRQSRIVGGESALPGAWPWQVSLHVQNVHVCGGSIITPEWIVTAAHCVEKPLNNPWHWTAFAGILRQSFMFYGAGYQVEKVISHPNYDSKTKNNDIALMKLQKPLTFNDLVKPVCLPNPGMMLQPEQLCWISGWGATEEKGKTSEVLNAAKVLLIETQRCNSRYVYDNLITPAMICAGFLQGNVDSCQGDSGGPLVTSKNNIWWLIGDTSWGSGCAKAYRPGVYGNVMVFTDWIYRQMRADG",NA,"CONFLICT 26; /note=Y -> H (in Ref. 4; BAF84502); /evidence=ECO:0000305; CONFLICT 62; /note=N -> S (in Ref. 4; BAH12445); /evidence=ECO:0000305; CONFLICT 163; /note=S -> P (in Ref. 4; BAF84502); /evidence=ECO:0000305; CONFLICT 242; /note=I -> L (in Ref. 1; AAC51784); /evidence=ECO:0000305; CONFLICT 489..491; /note=RAD -> KAN (in Ref. 1; AAC51784); /evidence=ECO:0000305",NA,3
"Q9Y275","ALTERNATIVE PRODUCTS:  Event=Alternative splicing; Named isoforms=3; Name=1; IsoId=Q9Y275-1; Sequence=Displayed; Name=2; Synonyms=DeltaBAFF; IsoId=Q9Y275-2; Sequence=VSP_041183; Name=3; Synonyms=Delta4BAFF; IsoId=Q9Y275-3; Sequence=VSP_047591, VSP_047592;","VAR_SEQ 142..160; /note=Missing (in isoform 2); /evidence=ECO:0000303|PubMed:12867412; /id=VSP_041183; VAR_SEQ 162..164; /note=SYT -> FIY (in isoform 3); /evidence=ECO:0000303|PubMed:22749832; /id=VSP_047591; VAR_SEQ 165..285; /note=Missing (in isoform 3); /evidence=ECO:0000303|PubMed:22749832; /id=VSP_047592",NA,NA,NA,285,31223,NA,"VARIANT 105; /note=A -> T (in dbSNP:rs201543678); /evidence=ECO:0000269|Ref.15; /id=VAR_013483",NA,NA,NA,NA,NA,"MDDSTEREQSRLTSCLKKREEMKLKECVSILPRKESPSVRSSKDGKLLAATLLLALLSCCLTVVSFYQVAALQGDLASLRAELQGHHAEKLPAGAGAPKAGLEEAPAVTAGLKIFEPPAPGEGNSSQNSRNKRAVQGPEETVTQDCLQLIADSETPTIQKGSYTFVPWLLSFKRGSALEEKENKILVKETGYFFIYGQVLYTDKTYAMGHLIQRKKVHVFGDELSLVTLFRCIQNMPETLPNNSCYSAGIAKLEEGDELQLAIPRENAQISLDGDVTFFGALKLL",NA,NA,NA,1
"P51164","ALTERNATIVE PRODUCTS:  ",NA,NA,NA,NA,291,33367,NA,NA,NA,NA,NA,NA,NA,"MAALQEKKTCGQRMEEFQRYCWNPDTGQMLGRTLSRWVWISLYYVAFYVVMTGLFALCLYVLMQTVDPYTPDYQDQLRSPGVTLRPDVYGEKGLEIVYNVSDNRTWADLTQTLHAFLAGYSPAAQEDSINCTSEQYFFQESFRAPNHTKFSCKFTADMLQNCSGLADPNFGFEEGKPCFIIKMNRIVKFLPSNGSAPRVDCAFLDQPRELGQPLQVKYYPPNGTFSLHYFPYYGKKAQPHYSNPLVAAKLLNIPRNAEVAIVCKVMAEHVTFNNPHDPYEGKVEFKLKIEK",NA,NA,NA,1
"Q9BXU9","ALTERNATIVE PRODUCTS:  Event=Alternative splicing; Named isoforms=2; Name=1; IsoId=Q9BXU9-2; Sequence=Displayed; Name=2; IsoId=Q9BXU9-1; Sequence=VSP_060873;","VAR_SEQ 1..42; /note=Missing (in isoform 2); /evidence=ECO:0000305; /id=VSP_060873",NA,NA,NA,261,29324,NA,NA,NA,NA,NA,NA,NA,"MRLPEQPGEGKPENEKKGDGGALGGGEEPPRSQAPDFPTWEKMPFHHVTAGLLYKGNYLNRSLSAGSDSEQLANISVEELDEIREAFRVLDRDGNGFISKQELGMAMRSLGYMPSEVELAIIMQRLDMDGDGQVDFDEFMTILGPKLVSSEGRDGFLGNTIDSIFWQFDMQRITLEELKHILYHAFRDHLTMKDIENIIINEEESLNETSGNCQTEFEGVHSQKQNRQTCVRKSLICAFAMAFIISVMLIAANQILRSGME","SEQUENCE CAUTION:  Sequence=AAG09620.1; Type=Erroneous initiation; Note=Truncated N-terminus.; Evidence={ECO:0000305};",NA,NA,2
"P29965","ALTERNATIVE PRODUCTS:  ",NA,NA,NA,NA,261,29274,NA,"VARIANT 36; /note=M -> R (in HIGM1; dbSNP:rs104894774); /evidence=ECO:0000269|PubMed:7679206, ECO:0000269|PubMed:9150729; /id=VAR_007513; VARIANT 38; /note=G -> R (in HIGM1); /evidence=ECO:0000269|PubMed:8889581; /id=VAR_017925; VARIANT 116; /note=G -> R (in HIGM1); /id=VAR_017929; VARIANT 116; /note=G -> S (in HIGM1); /evidence=ECO:0000269|PubMed:26545377, ECO:0000269|PubMed:9746782; /id=VAR_017930; VARIANT 123; /note=A -> E (in HIGM1; dbSNP:rs104894778); /evidence=ECO:0000269|PubMed:8094231; /id=VAR_007514; VARIANT 125; /note=H -> R (in HIGM1); /evidence=ECO:0000269|PubMed:8889581; /id=VAR_017926; VARIANT 126; /note=V -> A (in HIGM1); /evidence=ECO:0000269|PubMed:7717401; /id=VAR_007515; VARIANT 126; /note=V -> D (in HIGM1); /id=VAR_017931; VARIANT 128..129; /note=SE -> RG (in HIGM1); /evidence=ECO:0000269|PubMed:7678782; /id=VAR_007516; VARIANT 140; /note=W -> C (in HIGM1); /evidence=ECO:0000269|PubMed:9150729; /id=VAR_007517; VARIANT 140; /note=W -> G (in HIGM1; dbSNP:rs104894777); /evidence=ECO:0000269|PubMed:7679206; /id=VAR_007518; VARIANT 140; /note=W -> R (in HIGM1; dbSNP:rs104894777); /evidence=ECO:0000269|PubMed:7717401; /id=VAR_007519; VARIANT 143; /note=K -> T (in HIGM1); /id=VAR_017932; VARIANT 144; /note=G -> E (in HIGM1; dbSNP:rs886039326); /evidence=ECO:0000269|PubMed:7717401; /id=VAR_007520; VARIANT 147; /note=T -> N (in HIGM1; dbSNP:rs1057521127); /evidence=ECO:0000269|PubMed:9746782; /id=VAR_017922; VARIANT 155; /note=L -> P (in HIGM1; dbSNP:rs104894769); /evidence=ECO:0000269|PubMed:7679801, ECO:0000269|PubMed:8550833; /id=VAR_007521; VARIANT 170; /note=Y -> C (in HIGM1; decreases ITGA5:ITGB1 and ITGAV:ITGB3 binding of the soluble form; decreases activation of NF-kappa-B signaling; slightly decreases CD40 binding of the soluble form; dbSNP:rs756468554); /evidence=ECO:0000269|PubMed:31331973, ECO:0000269|PubMed:9746782; /id=VAR_017923; VARIANT 173; /note=A -> D (in HIGM1); /id=VAR_017933; VARIANT 174; /note=Q -> R (in HIGM1; decreases ITGA5:ITGB1 and ITGAV:ITGB3 binding of the soluble form; decreases activation of NF-kappa-B signaling); /evidence=ECO:0000269|PubMed:31331973, ECO:0000269|PubMed:8889581; /id=VAR_017927; VARIANT 176; /note=T -> I (in HIGM1; decreases ITGA5:ITGB1 and ITGAV:ITGB3 binding of the soluble form; decreases activation of NF-kappa-B signaling); /evidence=ECO:0000269|PubMed:31331973; /id=VAR_017934; VARIANT 195; /note=L -> P (in HIGM1); /id=VAR_017935; VARIANT 208; /note=A -> D (in HIGM1; decreases ITGA5:ITGB1 and ITGAV:ITGB3 binding of the soluble form; decreases activation of NF-kappa-B signaling); /evidence=ECO:0000269|PubMed:31331973; /id=VAR_017936; VARIANT 211; /note=T -> N (in HIGM1; dbSNP:rs1569377829); /evidence=ECO:0000269|PubMed:7679801; /id=VAR_007522; VARIANT 219; /note=G -> R (in dbSNP:rs148594123); /evidence=ECO:0000269|PubMed:8550833; /id=VAR_007523; VARIANT 224; /note=H -> Y (in HIGM1; no effect on ITGA5:ITGB1 and ITGAV:ITGB3 binding of the soluble form; increases NF-kappa-B signaling); /evidence=ECO:0000269|PubMed:31331973; /id=VAR_017937; VARIANT 226; /note=G -> A (in HIGM1; no effect on ITGA5:ITGB1 and ITGAV:ITGB3 binding of the soluble form; slightly increases NF-kappa-B signaling); /evidence=ECO:0000269|PubMed:31331973; /id=VAR_017938; VARIANT 227; /note=G -> V (in HIGM1; decreases ITGA5:ITGB1 and ITGAV:ITGB3 binding of the soluble form; decreases activation of NF-kappa-B signaling; dbSNP:rs104894768); /evidence=ECO:0000269|PubMed:31331973, ECO:0000269|PubMed:7679801, ECO:0000269|PubMed:8550833, ECO:0000269|PubMed:9746782; /id=VAR_007524; VARIANT 227; /note=Missing (in HIGM1); /evidence=ECO:0000269|PubMed:9150729; /id=VAR_007525; VARIANT 231; /note=L -> S (in HIGM1); /evidence=ECO:0000269|PubMed:9150729, ECO:0000269|PubMed:9746782; /id=VAR_007526; VARIANT 235; /note=A -> P (in HIGM1; dbSNP:rs104894771); /evidence=ECO:0000269|PubMed:7678782, ECO:0000269|PubMed:9746782; /id=VAR_007527; VARIANT 237; /note=V -> E (in HIGM1); /evidence=ECO:0000269|PubMed:7532185; /id=VAR_017939; VARIANT 254; /note=T -> M (in HIGM1; dbSNP:rs193922136); /evidence=ECO:0000269|PubMed:9150729, ECO:0000269|PubMed:9746782; /id=VAR_007528; VARIANT 257; /note=G -> D (in HIGM1; dbSNP:rs1477466218); /id=VAR_017940; VARIANT 257; /note=G -> S (in HIGM1); /evidence=ECO:0000269|PubMed:8889581; /id=VAR_017928; VARIANT 258; /note=L -> S (in HIGM1; decreases ITGA5:ITGB1 and ITGAV:ITGB3 binding of the soluble form; decreases activation of NF-kappa-B signaling; dbSNP:rs1569377884); /evidence=ECO:0000269|PubMed:31331973, ECO:0000269|PubMed:9746782; /id=VAR_017924",NA,NA,NA,NA,NA,"MIETYNQTSPRSAATGLPISMKIFMYLLTVFLITQMIGSALFAVYLHRRLDKIEDERNLHEDFVFMKTIQRCNTGERSLSLLNCEEIKSQFEGFVKDIMLNKEETKKENSFEMQKGDQNPQIAAHVISEASSKTTSVLQWAEKGYYTMSNNLVTLENGKQLTVKRQGLYYIYAQVTFCSNREASSQAPFIASLCLKSPGRFERILLRAANTHSSAKPCGQQSIHLGGVFELQPGASVFVNVTDPSQVSHGTGFTSFGLLKL",NA,NA,NA,1
"Q6UVW9","ALTERNATIVE PRODUCTS:  Event=Alternative splicing; Named isoforms=2; Name=1; Synonyms=CLEC2A1; IsoId=Q6UVW9-1; Sequence=Displayed; Name=2; Synonyms=CLEC2A2; IsoId=Q6UVW9-2; Sequence=VSP_035643;","VAR_SEQ 138..174; /note=FEIIGNGSFAFLSADGVHSSRGFIDIKWICSKPKYFL -> PSNSKWSCNWSLRQWLLLLGPLR (in isoform 2); /evidence=ECO:0000303|PubMed:12975309, ECO:0000303|PubMed:18046548; /id=VSP_035643",NA,NA,NA,174,19972,NA,"VARIANT 136; /note=G -> D (in dbSNP:rs526680); /evidence=ECO:0000269|PubMed:18046548; /id=VAR_029629",NA,NA,NA,NA,NA,"MINPELRDGRADGFIHRIVPKLIQNWKIGLMCFLSIIITTVCIIMIATWSKHAKPVACSGDWLGVRDKCFYFSDDTRNWTASKIFCSLQKAELAQIDTQEDMEFLKRYAGTDMHWIGLSRKQGDSWKWTNGTTFNGWFEIIGNGSFAFLSADGVHSSRGFIDIKWICSKPKYFL",NA,NA,NA,2
"Q8N539","ALTERNATIVE PRODUCTS:  Event=Alternative splicing; Named isoforms=2; Name=1; IsoId=Q8N539-1; Sequence=Displayed; Name=2; IsoId=Q8N539-2; Sequence=VSP_026618, VSP_026619, VSP_026620;","VAR_SEQ 1..158; /note=Missing (in isoform 2); /evidence=ECO:0000303|PubMed:14702039; /id=VSP_026618; VAR_SEQ 317..357; /note=LKRIHALTTQAAYELHVDLEDFENGTAYARYGSFGVGLFSV -> PLDRCTLSLALLVPVAPSPTPPHSFVNVLHPPVPGGPTLQ (in isoform 2); /evidence=ECO:0000303|PubMed:14702039; /id=VSP_026619; VAR_SEQ 358..461; /note=Missing (in isoform 2); /evidence=ECO:0000303|PubMed:14702039; /id=VSP_026620",NA,NA,NA,461,50744,NA,NA,NA,NA,NA,NA,NA,"MVNDRWKTMGGAAQLEDRPRDKPQRPSCGYVLCTVLLALAVLLAVAVTGAVLFLNHAHAPGTAPPPVVSTGAASANSALVTVERADSSHLSILIDPRCPDLTDSFARLESAQASVLQALTEHQAQPRLVGDQEQELLDTLADQLPRLLARASELQTECMGLRKGHGTLGQGLSALQSEQGRLIQLLSESQGHMAHLVNSVSDILDALQRDRGLGRPRNKADLQRAPARGTRPRGCATGSRPRDCLDVLLSGQQDDGVYSVFPTHYPAGFQVYCDMRTDGGGWTVFQRREDGSVNFFRGWDAYRDGFGRLTGEHWLGLKRIHALTTQAAYELHVDLEDFENGTAYARYGSFGVGLFSVDPEEDGYPLTVADYSGTAGDSLLKHSGMRFTTKDRDSDHSENNCAAFYRGAWWYRNCHTSNLNGQYLRGAHASYADGVEWSSWTGWQYSLKFSEMKIRPVREDR",NA,"CONFLICT 79; /note=L -> V (in Ref. 4; AAH32953); /evidence=ECO:0000305",NA,2
"P23276","ALTERNATIVE PRODUCTS:  ",NA,NA,NA,NA,732,82824,NA,"VARIANT 163; /note=A -> T (in dbSNP:rs8175974); /evidence=ECO:0000269|Ref.3; /id=VAR_016265; VARIANT 180; /note=R -> P (in KEL24 antigen; dbSNP:rs61729039); /evidence=ECO:0000269|PubMed:9354821; /id=VAR_006731; VARIANT 193; /note=T -> M (in KEL1/K antigen; dbSNP:rs8176058); /evidence=ECO:0000269|PubMed:7849312, ECO:0000269|Ref.3; /id=VAR_006732; VARIANT 248; /note=R -> Q (in KEL25 antigen; dbSNP:rs61729040); /id=VAR_015120; VARIANT 249; /note=E -> K (in KEL27 antigen; dbSNP:rs61729042); /id=VAR_015121; VARIANT 281; /note=R -> Q (in KEL21/Kp(c) antigen; dbSNP:rs61729036); /evidence=ECO:0000269|PubMed:8669078; /id=VAR_006734; VARIANT 281; /note=R -> W (in KEL3/Kp(a) antigen; dbSNP:rs8176059); /evidence=ECO:0000269|PubMed:8669078, ECO:0000269|Ref.3; /id=VAR_006733; VARIANT 302; /note=V -> A (in KEL17 antigen; dbSNP:rs61729034); /evidence=ECO:0000269|PubMed:8669078; /id=VAR_006735; VARIANT 322; /note=A -> V (in KEL22 antigen; dbSNP:rs61729037); /id=VAR_015122; VARIANT 382; /note=Q -> R (in KEL23 antigen; dbSNP:rs61729038); /id=VAR_015123; VARIANT 406; /note=R -> Q (in KEL26 antigen; dbSNP:rs61729041); /id=VAR_015124; VARIANT 492; /note=R -> Q (in KEL19 antigen; dbSNP:rs61729035); /id=VAR_015125; VARIANT 494; /note=E -> V (in KEL10/Ul(a) antigen; dbSNP:rs61729032); /evidence=ECO:0000269|PubMed:8669078; /id=VAR_006736; VARIANT 548; /note=H -> R (in KEL12 antigen; dbSNP:rs61729033); /id=VAR_015126; VARIANT 597; /note=L -> P (in KEL6/Js(a) antigen; dbSNP:rs8176038); /evidence=ECO:0000269|PubMed:7570911, ECO:0000269|Ref.3; /id=VAR_006737; VARIANT 726; /note=S -> A (in dbSNP:rs8176048); /evidence=ECO:0000269|Ref.3; /id=VAR_016266",NA,NA,NA,"POLYMORPHISM: KEL is responsible for the Kell blood group system. The molecular basis of the K=KEL1/k=KEL2 blood group antigens is a single variation in position 193; Thr-193 corresponds to KEL2 and Met-193 to KEL1 (PubMed:7849312). The molecular basis of the Kpa=KEL3/Kpb=KEL4/Kpc=KEL21 blood group antigens is a single variation in position 281; Arg-281 corresponds to KEL4, Trp-281 to KEL3 and Gln-281 to KEL21 (PubMed:8669078). The molecular basis of the Jsa=KEL6/Jsb=KEL7 blood group antigens is a single variation in position 597; Leu-597 corresponds to KEL7 and Pro-597 to KEL6 (PubMed:7570911). The molecular basis of the KEL11/KEL17 blood group antigens is a single variation in position 302; Val-302 corresponds to KEL11 and Ala-302 to KEL17 (PubMed:8669078). The molecular basis of the KEL14/KEL24 blood group antigens is a single variation in position 180; Arg-180 corresponds to KEL14 and Pro-180 to KEL24 (PubMed:9354821). {ECO:0000269|PubMed:7570911, ECO:0000269|PubMed:7849312, ECO:0000269|PubMed:8669078, ECO:0000269|PubMed:9354821}.",NA,"MEGGDQSEEEPRERSQAGGMGTLWSQESTPEERLPVEGSRPWAVARRVLTAILILGLLLCFSVLLFYNFQNCGPRPCETSVCLDLRDHYLASGNTSVAPCTDFFSFACGRAKETNNSFQELATKNKNRLRRILEVQNSWHPGSGEEKAFQFYNSCMDTLAIEAAGTGPLRQVIEELGGWRISGKWTSLNFNRTLRLLMSQYGHFPFFRAYLGPHPASPHTPVIQIDQPEFDVPLKQDQEQKIYAQIFREYLTYLNQLGTLLGGDPSKVQEHSSLSISITSRLFQFLRPLEQRRAQGKLFQMVTIDQLKEMAPAIDWLSCLQATFTPMSLSPSQSLVVHDVEYLKNMSQLVEEMLLKQRDFLQSHMILGLVVTLSPALDSQFQEARRKLSQKLRELTEQPPMPARPRWMKCVEETGTFFEPTLAALFVREAFGPSTRSAAMKLFTAIRDALITRLRNLPWMNEETQNMAQDKVAQLQVEMGASEWALKPELARQEYNDIQLGSSFLQSVLSCVRSLRARIVQSFLQPHPQHRWKVSPWDVNAYYSVSDHVVVFPAGLLQPPFFHPGYPRAVNFGAAGSIMAHELLHIFYQLLLPGGCLACDNHALQEAHLCLKRHYAAFPLPSRTSFNDSLTFLENAADVGGLAIALQAYSKRLLRHHGETVLPSLDLSPQQIFFRSYAQVMCRKPSPQDSHDTHSPPHLRVHGPLSSTPAFARYFRCARGALLNPSSRCQLW",NA,NA,NA,2
"P26717","ALTERNATIVE PRODUCTS:  ",NA,NA,NA,NA,231,26159,NA,"VARIANT 2; /note=N -> S (in allele NKG2-C*02; dbSNP:rs28403159); /id=VAR_013404; VARIANT 102; /note=F -> S (in allele NKG2-C*02; dbSNP:rs1141715); /id=VAR_013405",NA,NA,NA,"POLYMORPHISM: Two alleles are known. The sequence shown is that of allele NKG2-C*01.",NA,"MNKQRGTFSEVSLAQDPKRQQRKPKGNKSSISGTEQEIFQVELNLQNPSLNHQGIDKIYDCQGLLPPPEKLTAEVLGIICIVLMATVLKTIVLIPFLEQNNFSPNTRTQKARHCGHCPEEWITYSNSCYYIGKERRTWEESLLACTSKNSSLLSIDNEEEMKFLASILPSSWIGVFRNSSHHPWVTINGLAFKHKIKDSDNAELNCAVLQVNRLKSAQCGSSMIYHCKHKL",NA,"CONFLICT 161; /note=M -> I (in Ref. 1; CAA38651); /evidence=ECO:0000305",NA,3
"Q6ZS82","ALTERNATIVE PRODUCTS:  ",NA,NA,NA,NA,235,25148,NA,"VARIANT 96; /note=A -> S (in dbSNP:rs259290); /evidence=ECO:0000269|PubMed:14702039; /id=VAR_032333",NA,NA,NA,NA,NA,"MAREECKALLDGLNKTTACYHHLVLTVGGSADSQNLRQELQKTRQKAQELAVSTCARLTAVLRDRGLAADERAEFERLWVAFSGCLDLLEADMRRALELGAAFPLHAPRRPLVRTGVAGASSGVAARALSTRSLRLEAEGDFDVADLRELEREVLQVGEMIDNMEMKVNVPRWTVQARQAAGAELLSTVSAGPSSVVSLQERGGGCDPRKALAAILFGAVLLAAVALAVCVAKLS",NA,NA,NA,1
"P98073","ALTERNATIVE PRODUCTS:  ",NA,"Sequence=CAB90389.1; Type=Erroneous gene model prediction; Evidence={ECO:0000305};",NA,NA,1019,112935,NA,"VARIANT 65; /note=T -> I (in dbSNP:rs35987974); /id=VAR_031686; VARIANT 77; /note=K -> R (in dbSNP:rs2824804); /id=VAR_021940; VARIANT 134; /note=E -> Q (in dbSNP:rs2824790); /evidence=ECO:0000269|PubMed:11719902, ECO:0000269|PubMed:15489334, ECO:0000269|PubMed:7718557; /id=VAR_031687; VARIANT 545; /note=S -> C (in dbSNP:rs8134187); /id=VAR_031688; VARIANT 641; /note=E -> K (in dbSNP:rs2273204); /id=VAR_020175; VARIANT 660; /note=N -> H (in dbSNP:rs11088674); /id=VAR_024292; VARIANT 732; /note=P -> S (in dbSNP:rs2824721); /evidence=ECO:0000269|PubMed:11719902, ECO:0000269|PubMed:15489334, ECO:0000269|PubMed:7718557; /id=VAR_031689; VARIANT 828; /note=Y -> C (in dbSNP:rs8130110); /id=VAR_031690",NA,NA,NA,NA,NA,"MGSKRGISSRHHSLSSYEIMFAALFAILVVLCAGLIAVSCLTIKESQRGAALGQSHEARATFKITSGVTYNPNLQDKLSVDFKVLAFDLQQMIDEIFLSSNLKNEYKNSRVLQFENGSIIVVFDLFFAQWVSDENVKEELIQGLEANKSSQLVTFHIDLNSVDILDKLTTTSHLATPGNVSIECLPGSSPCTDALTCIKADLFCDGEVNCPDGSDEDNKMCATVCDGRFLLTGSSGSFQATHYPKPSETSVVCQWIIRVNQGLSIKLSFDDFNTYYTDILDIYEGVGSSKILRASIWETNPGTIRIFSNQVTATFLIESDESDYVGFNATYTAFNSSELNNYEKINCNFEDGFCFWVQDLNDDNEWERIQGSTFSPFTGPNFDHTFGNASGFYISTPTGPGGRQERVGLLSLPLDPTLEPACLSFWYHMYGENVHKLSINISNDQNMEKTVFQKEGNYGDNWNYGQVTLNETVKFKVAFNAFKNKILSDIALDDISLTYGICNGSLYPEPTLVPTPPPELPTDCGGPFELWEPNTTFSSTNFPNSYPNLAFCVWILNAQKGKNIQLHFQEFDLENINDVVEIRDGEEADSLLLAVYTGPGPVKDVFSTTNRMTVLLITNDVLARGGFKANFTTGYHLGIPEPCKADHFQCKNGECVPLVNLCDGHLHCEDGSDEADCVRFFNGTTNNNGLVRFRIQSIWHTACAENWTTQISNDVCQLLGLGSGNSSKPIFPTDGGPFVKLNTAPDGHLILTPSQQCLQDSLIRLQCNHKSCGKKLAAQDITPKIVGGSNAKEGAWPWVVGLYYGGRLLCGASLVSSDWLVSAAHCVYGRNLEPSKWTAILGLHMKSNLTSPQTVPRLIDEIVINPHYNRRRKDNDIAMMHLEFKVNYTDYIQPICLPEENQVFPPGRNCSIAGWGTVVYQGTTANILQEADVPLLSNERCQQQMPEYNITENMICAGYEEGGIDSCQGDSGGPLMCQENNRWFLAGVTSFGYKCALPNRPGVYARVSRFTEWIQSFLH","SEQUENCE CAUTION:  Sequence=CAB90389.1; Type=Erroneous gene model prediction; Evidence={ECO:0000305};",NA,NA,3
