"X.1","X","Gene.primary.name","Protein.name","Accession","Tissue.expression","Sequence","Length","Mass","Signal.peptide","Signal.peptide.sequence","Topology","Transmembrane.domain","Transmembrane.domain.sequence","Cytosolic.domain.sequence","Cytosolic.domain.length","Extracellular.hinge","Subcellular.main.location","Subcellular.other.location","RNA.tissue.specific.nTPM","RNA.single.cell.type.specific.nTPM","RNA.blood.cell.specific.nTPM","RNA.blood.lineage.specific.nTPM","Blood.concentration...Conc..blood.MS..pg.L.","TM.hinge","cytosolic.TM.hinge","X.2","C.TM.H.length"
1,1,"APMAP","Adipocyte plasma membrane-associated protein (Protein BSCv)","Q9HDC9","All tissues","MSEADGLRQRRPLRPQVVTDDDGQAPEAKDGSSFSGRVFRVTFLMLAVSLTVPLLGAMMLLESPIDPQPLSFKEPPLLLGVLHPNTKLRQAERLFENQLVGPESIAHIGDVMFTGTADGRVVKLENGEIETIARFGSGPCKTRDDEPVCGRPLGIRAGPNGTLFVADAYKGLFEVNPWKREVKLLLSSETPIEGKNMSFVNDLTVTQDGRKIYFTDSSSKWQRRDYLLLVMEGTDDGRLLEYDTVTREVKVLLDQLRFPNGVQLSPAEDFVLVAETTMARIRRVYVSGLMKGGADLFVENMPGFPDNIRPSSSGGYWVGMSTIRPNPGFSMLDFLSERPWIKRMIFKLFSQETVMKFVPRYSLVLELSDSGAFRRSLHDPDGLVATYISEVHEHDGHLYLGSFRSPFLCRLSLQAV",416,46480,NA,NA,"TOPO_DOM 2..40; /note=Cytoplasmic; /evidence=ECO:0000255; TOPO_DOM 62..416; /note=Extracellular; /evidence=ECO:0000255","TRANSMEM 41..61; /note=Helical; Signal-anchor for type II membrane protein; /evidence=ECO:0000255","VTFLMLAVSLTVPLLGAMMLL","SEADGLRQRRPLRPQVVTDDDGQAPEAKDGSSFSGRVFR",39,NA,"Plasma membrane","","liver: 314.0","Cytotrophoblasts: 322.2;NK-cells: 230.9;Syncytiotrophoblasts: 844.0","","granulocytes: 680.7;NK-cells: 343.8;T-cells: 367.9",1.3e+08,"VTFLMLAVSLTVPLLGAMMLLESPIDPQ","SEADGLRQRRPLRPQVVTDDDGQAPEAKDGSSFSGRVFR VTFLMLAVSLTVPLLGAMMLLESPIDPQ",NA,68
2,2,"ATP1B3","Sodium/potassium-transporting ATPase subunit beta-3 (Sodium/potassium-dependent ATPase subunit beta-3) (ATPB-3) (CD antigen CD298)","P54709","All tissues","MTKNEKKSLNQSLAEWKLFIYNPTTGEFLGRTAKSWGLILLFYLVFYGFLAALFSFTMWVMLQTLNDEVPKYRDQIPSPGLMVFPKPVTALEYTFSRSDPTSYAGYIEDLKKFLKPYTLEEQKNLTVCPDGALFEQKGPVYVACQFPISLLQACSGMNDPDFGYSQGNPCILVKMNRIIGLKPEGVPRIDCVSKNEDIPNVAVYPHNGMIDLKYFPYYGKKLHVGYLQPLVAVQVSFAPNNTGKEVTVECKIDGSANLKSQDDRDKFLGRVMFKITARA",279,31513,NA,NA,"TOPO_DOM 1..35; /note=Cytoplasmic; /evidence=ECO:0000255; TOPO_DOM 57..279; /note=Extracellular; /evidence=ECO:0000255","TRANSMEM 36..56; /note=Helical; Signal-anchor for type II membrane protein; /evidence=ECO:0000255","WGLILLFYLVFYGFLAALFSF","MTKNEKKSLNQSLAEWKLFIYNPTTGEFLGRTAKS",35,NA,"Plasma membrane","","","dendritic cells: 982.1;Late spermatids: 1008.8;monocytes: 1220.5","","",33000,"WGLILLFYLVFYGFLAALFSFTMWVMLQTLNDEVP","MTKNEKKSLNQSLAEWKLFIYNPTTGEFLGRTAKS WGLILLFYLVFYGFLAALFSFTMWVMLQTLNDEVP",NA,71
3,3,"CEMIP2","Cell surface hyaluronidase (EC 3.2.1.35) (Cell migration-inducing hyaluronidase 2) (Transmembrane protein 2)","Q9UHN6","All tissues","MYATDSRGHSPAFLQPQNGNSRHPSGYVPGKVVPLRPPPPPKSQASAKFTSIRREDRATFAFSPEEQQAQRESQKQKRHKNTFICFAITSFSFFIALAIILGISSKYAPDENCPDQNPRLRNWDPGQDSAKQVVIKEGDMLRLTSDATVHSIVIQDGGLLVFGDNKDGSRNITLRTHYILIQDGGALHIGAEKCRYKSKATITLYGKSDEGESMPTFGKKFIGVEAGGTLELHGARKASWTLLARTLNSSGLPFGSYTFEKDFSRGLNVRVIDQDTAKILESERFDTHEYRNESRRLQEFLRFQDPGRIVAIAVGDSAAKSLLQGTIQMIQERLGSELIQGLGYRQAWALVGVIDGGSTSCNESVRNYENHSSGGKALAQREFYTVDGQKFSVTAYSEWIEGVSLSGFRVEVVDGVKLNLLDDVSSWKPGDQIVVASTDYSMYQAEEFTLLPCSECSHFQVKVKETPQFLHMGEIIDGVDMRAEVGILTRNIVIQGEVEDSCYAENQCQFFDYDTFGGHIMIMKNFTSVHLSYVELKHMGQQQMGRYPVHFHLCGDVDYKGGYRHATFVDGLSIHHSFSRCITVHGTNGLLIKDTIGFDTLGHCFFLEDGIEQRNTLFHNLGLLTKPGTLLPTDRNNSMCTTMRDKVFGNYIPVPATDCMAVSTFWIAHPNNNLINNAAAGSQDAGIWYLFHKEPTGESSGLQLLAKPELTPLGIFYNNRVHSNFKAGLFIDKGVKTTNSSAADPREYLCLDNSARFRPHQDANPEKPRVAALIDRLIAFKNNDNGAWVRGGDIIVQNSAFADNGIGLTFASDGSFPSDEGSSQEVSESLFVGESRNYGFQGGQNKYVGTGGIDQKPRTLPRNRTFPIRGFQIYDGPIHLTRSTFKKYVPTPDRYSSAIGFLMKNSWQITPRNNISLVKFGPHVSLNVFFGKPGPWFEDCEMDGDKNSIFHDIDGSVTGYKDAYVGRMDNYLIRHPSCVNVSKWNAVICSGTYAQVYVQTWSTQNLSMTITRDEYPSNPMVLRGINQKAAFPQYQPVVMLEKGYTIHWNGPAPRTTFLYLVNFNKNDWIRVGLCYPSNTSFQVTFGYLQRQNGSLSKIEEYEPVHSLEELQRKQSERKFYFDSSTGLLFLYLKAKSHRHGHSYCSSQGCERVKIQAATDSKDISNCMAKAYPQYYRKPSVVKRMPAMLTGLCQGCGTRQVVFTSDPHKSYLPVQFQSPDKAETQRGDPSVISVNGTDFTFRSAGVLLLVVDPCSVPFRLTEKTVFPLADVSRIEEYLKTGIPPRSIVLLSTRGEIKQLNISHLLVPLGLAKPAHLYDKGSTIFLGFSGNFKPSWTKLFTSPAGQGLGVLEQFIPLQLDEYGCPRATTVRRRDLELLKQASKAH",1383,154374,NA,NA,"TOPO_DOM 1..82; /note=Cytoplasmic; /evidence=ECO:0000305; TOPO_DOM 104..1383; /note=Extracellular; /evidence=ECO:0000305","TRANSMEM 83..103; /note=Helical; Signal-anchor for type II membrane protein; /evidence=ECO:0000255","FICFAITSFSFFIALAIILGI","MYATDSRGHSPAFLQPQNGNSRHPSGYVPGKVVPLRPPPPPKSQASAKFTSIRREDRATFAFSPEEQQAQRESQKQKRHKNT",82,NA,"Plasma membrane","Vesicles, Cytosol","parathyroid gland: 92.5;placenta: 79.6","NK-cells: 496.0;T-cells: 177.9","","",150000,"FICFAITSFSFFIALAIILGISSKYAPDENCPDQNPRLRNWDPGQDSAKQ","MYATDSRGHSPAFLQPQNGNSRHPSGYVPGKVVPLRPPPPPKSQASAKFTSIRREDRATFAFSPEEQQAQRESQKQKRHKNT FICFAITSFSFFIALAIILGISSKYAPDENCPDQNPRLRNWDPGQDSAKQ",NA,133
4,4,"IFITM1","Interferon-induced transmembrane protein 1 (Dispanin subfamily A member 2a) (DSPA2a) (Interferon-induced protein 17) (Interferon-inducible protein 9-27) (Leu-13 antigen) (CD antigen CD225)","P13164","All tissues","MHKEEHEVAVLGPPPSTILPRSTVINIHSETSVPDHVVWSLFNTLFLNWCCLGFIAFAYSVKSRDRKMVGDVTGAQAYASTAKCLNIWALILGILMTIGFILLLVFGSVTVYHIMLQIIQEKRGY",125,13964,NA,NA,"TOPO_DOM 1..36; /note=Cytoplasmic; /evidence=ECO:0000255; TOPO_DOM 58..86; /note=Cytoplasmic; /evidence=ECO:0000255; TOPO_DOM 108..125; /note=Extracellular; /evidence=ECO:0000255","TRANSMEM 87..107; /note=Helical; /evidence=ECO:0000255","IWALILGILMTIGFILLLVFG","MHKEEHEVAVLGPPPSTILPRSTVINIHSETSVPDH",36,NA,"Golgi apparatus","Plasma membrane, Cytosol","","Basal squamous epithelial cells: 351.2;Endothelial cells: 308.4;Leydig cells: 227.4;NK-cells: 258.0;T-cells: 493.0;Thymic epithelial cells: 302.7","eosinophil: 1494.7;gdT-cell: 2906.3;MAIT T-cell: 2003.4;memory CD4 T-cell: 3120.6;memory CD8 T-cell: 3000.3;naive CD4 T-cell: 2939.3;naive CD8 T-cell: 2996.4;neutrophil: 2741.6;NK-cell: 4679.9;T-reg: 1944.8","granulocytes: 2741.6;NK-cells: 4679.9;T-cells: 3120.6",NA,"IWALILGILMTIGFILLLVFGSVTVYHIMLQI","MHKEEHEVAVLGPPPSTILPRSTVINIHSETSVPDH IWALILGILMTIGFILLLVFGSVTVYHIMLQI",NA,69
5,5,"IFITM2","Interferon-induced transmembrane protein 2 (Dispanin subfamily A member 2c) (DSPA2c) (Interferon-inducible protein 1-8D)","Q01629","All tissues","MNHIVQTFSPVNSGQPPNYEMLKEEQEVAMLGVPHNPAPPMSTVIHIRSETSVPDHVVWSLFNTLFMNTCCLGFIAFAYSVKSRDRKMVGDVTGAQAYASTAKCLNIWALILGIFMTILLIIIPVLVVQAQR",132,14632,NA,NA,"TOPO_DOM 1..56; /note=Cytoplasmic; /evidence=ECO:0000255; TOPO_DOM 78..106; /note=Cytoplasmic; /evidence=ECO:0000255; TOPO_DOM 128..132; /note=Extracellular; /evidence=ECO:0000255","TRANSMEM 107..127; /note=Helical; /evidence=ECO:0000255","IWALILGIFMTILLIIIPVLV","MNHIVQTFSPVNSGQPPNYEMLKEEQEVAMLGVPHNPAPPMSTVIHIRSETSVPDH",56,NA,"Cell Junctions","Nucleoplasm","","Adipocytes: 943.1;monocytes: 1676.7;NK-cells: 1445.3;Thymic epithelial cells: 998.8","neutrophil: 23410.9","granulocytes: 23410.9",450000,"IWALILGIFMTILLIIIPVLVVQAQR","MNHIVQTFSPVNSGQPPNYEMLKEEQEVAMLGVPHNPAPPMSTVIHIRSETSVPDH IWALILGIFMTILLIIIPVLVVQAQR",NA,83
6,6,"PLSCR1","Phospholipid scramblase 1 (PL scramblase 1) (Ca(2+)-dependent phospholipid scramblase 1) (Erythrocyte phospholipid scramblase) (Mg(2+)-dependent nuclease) (EC 3.1.-.-) (MmTRA1b)","O15162","All tissues","MDKQNSQMNASHPETNLPVGYPPQYPPTAFQGPPGYSGYPGPQVSYPPPPAGHSGPGPAGFPVPNQPVYNQPVYNQPVGAAGVPWMPAPQPPLNCPPGLEYLSQIDQILIHQQIELLEVLTGFETNNKYEIKNSFGQRVYFAAEDTDCCTRNCCGPSRPFTLRIIDNMGQEVITLERPLRCSSCCCPCCLQEIEIQAPPGVPIGYVIQTWHPCLPKFTIQNEKREDVLKISGPCVVCSCCGDVDFEIKSLDEQCVVGKISKHWTGILREAFTDADNFGIQFPLDLDVKMKAVMIGACFLIDFMFFESTGSQEQKSGVW",318,35049,NA,NA,"TOPO_DOM 1..288; /note=Cytoplasmic; /evidence=ECO:0000269|PubMed:26745724; TOPO_DOM 306..318; /note=Extracellular; /evidence=ECO:0000269|PubMed:26745724","TRANSMEM 289..305; /note=Helical; /evidence=ECO:0000269|PubMed:23590222","MKAVMIGACFLIDFMFF","MDKQNSQMNASHPETNLPVGYPPQYPPTAFQGPPGYSGYPGPQVSYPPPPAGHSGPGPAGFPVPNQPVYNQPVYNQPVGAAGVPWMPAPQPPLNCPPGLEYLSQIDQILIHQQIELLEVLTGFETNNKYEIKNSFGQRVYFAAEDTDCCTRNCCGPSRPFTLRIIDNMGQEVITLERPLRCSSCCCPCCLQEIEIQAPPGVPIGYVIQTWHPCLPKFTIQNEKREDVLKISGPCVVCSCCGDVDFEIKSLDEQCVVGKISKHWTGILREAFTDADNFGIQFPLDLDVK",288,NA,"Nucleoplasm, Golgi apparatus, Plasma membrane","","","Ductal cells: 267.4","","",NA,"MKAVMIGACFLIDFMFFESTGSQEQKSGVW","MDKQNSQMNASHPETNLPVGYPPQYPPTAFQGPPGYSGYPGPQVSYPPPPAGHSGPGPAGFPVPNQPVYNQPVYNQPVGAAGVPWMPAPQPPLNCPPGLEYLSQIDQILIHQQIELLEVLTGFETNNKYEIKNSFGQRVYFAAEDTDCCTRNCCGPSRPFTLRIIDNMGQEVITLERPLRCSSCCCPCCLQEIEIQAPPGVPIGYVIQTWHPCLPKFTIQNEKREDVLKISGPCVVCSCCGDVDFEIKSLDEQCVVGKISKHWTGILREAFTDADNFGIQFPLDLDVK MKAVMIGACFLIDFMFFESTGSQEQKSGVW",NA,319
7,7,"SLC3A2","4F2 cell-surface antigen heavy chain (4F2hc) (4F2 heavy chain antigen) (Lymphocyte activation antigen 4F2 large subunit) (Solute carrier family 3 member 2) (CD antigen CD98)","P08195","All tissues","MELQPPEASIAVVSIPRQLPGSHSEAGVQGLSAGDDSELGSHCVAQTGLELLASGDPLPSASQNAEMIETGSDCVTQAGLQLLASSDPPALASKNAEVTGTMSQDTEVDMKEVELNELEPEKQPMNAASGAAMSLAGAEKNGLVKIKVAEDEAEAAAAAKFTGLSKEELLKVAGSPGWVRTRWALLLLFWLGWLGMLAGAVVIIVRAPRCRELPAQKWWHTGALYRIGDLQAFQGHGAGNLAGLKGRLDYLSSLKVKGLVLGPIHKNQKDDVAQTDLLQIDPNFGSKEDFDSLLQSAKKKSIRVILDLTPNYRGENSWFSTQVDTVATKVKDALEFWLQAGVDGFQVRDIENLKDASSFLAEWQNITKGFSEDRLLIAGTNSSDLQQILSLLESNKDLLLTSSYLSDSGSTGEHTKSLVTQYLNATGNRWCSWSLSQARLLTSFLPAQLLRLYQLMLFTLPGTPVFSYGDEIGLDAAALPGQPMEAPVMLWDESSFPDIPGAVSANMTVKGQSEDPGSLLSLFRRLSDQRSKERSLLHGDFHAFSAGPGLFSYIRHWDQNERFLVVLNFGDVGLSAGLQASDLPASASLPAKADLLLSTQPGREEGSPLELERLKLEPHEGLLLRFPYAA",630,67994,NA,NA,"TOPO_DOM 102..184; /note=Cytoplasmic; /evidence=ECO:0000269|PubMed:30867591; TOPO_DOM 206..630; /note=Extracellular; /evidence=ECO:0000269|PubMed:30867591","TRANSMEM 185..205; /note=Helical; Signal-anchor for type II membrane protein; /evidence=ECO:0000269|PubMed:30867591","LLLLFWLGWLGMLAGAVVIIV","MSQDTEVDMKEVELNELEPEKQPMNAASGAAMSLAGAEKNGLVKIKVAEDEAEAAAAAKFTGLSKEELLKVAGSPGWVRTRWA",83,NA,"Nucleoplasm, Plasma membrane","","","Syncytiotrophoblasts: 956.4","","",1.7e+08,"LLLLFWLGWLGMLAGAVVIIVRAPRCRELPAQKWWHTG","MSQDTEVDMKEVELNELEPEKQPMNAASGAAMSLAGAEKNGLVKIKVAEDEAEAAAAAKFTGLSKEELLKVAGSPGWVRTRWA LLLLFWLGWLGMLAGAVVIIVRAPRCRELPAQKWWHTG",NA,122
8,8,"STX4","Syntaxin-4 (Renal carcinoma antigen NY-REN-31)","Q12846","All tissues","MRDRTHELRQGDDSSDEEDKERVALVVHPGTARLGSPDEEFFHKVRTIRQTIVKLGNKVQELEKQQVTILATPLPEESMKQELQNLRDEIKQLGREIRLQLKAIEPQKEEADENYNSVNTRMRKTQHGVLSQQFVELINKCNSMQSEYREKNVERIRRQLKITNAGMVSDEELEQMLDSGQSEVFVSNILKDTQVTRQALNEISARHSEIQQLERSIRELHDIFTFLATEVEMQGEMINRIEKNILSSADYVERGQEHVKTALENQKKARKKKVLIAICVSITVVLLAVIIGVTVVG",297,34180,NA,NA,"TOPO_DOM 1..275; /note=Cytoplasmic; /evidence=ECO:0000255; TOPO_DOM 297; /note=Extracellular; /evidence=ECO:0000255","TRANSMEM 276..296; /note=Helical; Anchor for type IV membrane protein; /evidence=ECO:0000255","IAICVSITVVLLAVIIGVTVV","MRDRTHELRQGDDSSDEEDKERVALVVHPGTARLGSPDEEFFHKVRTIRQTIVKLGNKVQELEKQQVTILATPLPEESMKQELQNLRDEIKQLGREIRLQLKAIEPQKEEADENYNSVNTRMRKTQHGVLSQQFVELINKCNSMQSEYREKNVERIRRQLKITNAGMVSDEELEQMLDSGQSEVFVSNILKDTQVTRQALNEISARHSEIQQLERSIRELHDIFTFLATEVEMQGEMINRIEKNILSSADYVERGQEHVKTALENQKKARKKKVL",275,NA,"Plasma membrane","","","Langerhans cells: 171.3","","",NA,"IAICVSITVVLLAVIIGVTVVG","MRDRTHELRQGDDSSDEEDKERVALVVHPGTARLGSPDEEFFHKVRTIRQTIVKLGNKVQELEKQQVTILATPLPEESMKQELQNLRDEIKQLGREIRLQLKAIEPQKEEADENYNSVNTRMRKTQHGVLSQQFVELINKCNSMQSEYREKNVERIRRQLKITNAGMVSDEELEQMLDSGQSEVFVSNILKDTQVTRQALNEISARHSEIQQLERSIRELHDIFTFLATEVEMQGEMINRIEKNILSSADYVERGQEHVKTALENQKKARKKKVL IAICVSITVVLLAVIIGVTVVG",NA,298
9,9,"ANPEP","Aminopeptidase N (AP-N) (hAPN) (EC 3.4.11.2) (Alanyl aminopeptidase) (Aminopeptidase M) (AP-M) (Microsomal aminopeptidase) (Myeloid plasma membrane glycoprotein CD13) (gp150) (CD antigen CD13)","P15144","Many tissues","MAKGFYISKSLGILGILLGVAAVCTIIALSVVYSQEKNKNANSSPVASTTPSASATTNPASATTLDQSKAWNRYRLPNTLKPDSYRVTLRPYLTPNDRGLYVFKGSSTVRFTCKEATDVIIIHSKKLNYTLSQGHRVVLRGVGGSQPPDIDKTELVEPTEYLVVHLKGSLVKDSQYEMDSEFEGELADDLAGFYRSEYMEGNVRKVVATTQMQAADARKSFPCFDEPAMKAEFNITLIHPKDLTALSNMLPKGPSTPLPEDPNWNVTEFHTTPKMSTYLLAFIVSEFDYVEKQASNGVLIRIWARPSAIAAGHGDYALNVTGPILNFFAGHYDTPYPLPKSDQIGLPDFNAGAMENWGLVTYRENSLLFDPLSSSSSNKERVVTVIAHELAHQWFGNLVTIEWWNDLWLNEGFASYVEYLGADYAEPTWNLKDLMVLNDVYRVMAVDALASSHPLSTPASEINTPAQISELFDAISYSKGASVLRMLSSFLSEDVFKQGLASYLHTFAYQNTIYLNLWDHLQEAVNNRSIQLPTTVRDIMNRWTLQMGFPVITVDTSTGTLSQEHFLLDPDSNVTRPSEFNYVWIVPITSIRDGRQQQDYWLIDVRAQNDLFSTSGNEWVLLNLNVTGYYRVNYDEENWRKIQTQLQRDHSAIPVINRAQIINDAFNLASAHKVPVTLALNNTLFLIEERQYMPWEAALSSLSYFKLMFDRSEVYGPMKNYLKKQVTPLFIHFRNNTNNWREIPENLMDQYSEVNAISTACSNGVPECEEMVSGLFKQWMENPNNNPIHPNLRSTVYCNAIAQGGEEEWDFAWEQFRNATLVNEADKLRAALACSKELWILNRYLSYTLNPDLIRKQDATSTIISITNNVIGQGLVWDFVQSNWKKLFNDYGGGSFSFSNLIQAVTRRFSTEYELQQLEQFKKDNEETGFGSGTRALEQALEKTKANIKWVKENKEVVLQWFTENSK",967,109540,NA,NA,"TOPO_DOM 2..8; /note=Cytoplasmic; /evidence=ECO:0000305|PubMed:1350662; TOPO_DOM 33..967; /note=Extracellular; /evidence=ECO:0000269|PubMed:1350662","TRANSMEM 9..32; /note=Helical; Signal-anchor for type II membrane protein; /evidence=ECO:0000255","KSLGILGILLGVAAVCTIIALSVV","AKGFYIS",7,NA,"Plasma membrane","","intestine: 2384.1;pancreas: 675.0","Proximal enterocytes: 5985.3","neutrophil: 227.1","granulocytes: 227.1",1.2e+09,"KSLGILGILLGVAAVCTIIALSVVYSQEKNKNANSSPVASTTPSASATTNPASATTLDQSKAWN","AKGFYIS KSLGILGILLGVAAVCTIIALSVVYSQEKNKNANSSPVASTTPSASATTNPASATTLDQSKAWN",NA,72
10,10,"ASGR1","Asialoglycoprotein receptor 1 (ASGP-R 1) (ASGPR 1) (C-type lectin domain family 4 member H1) (Hepatic lectin H1) (HL-1)","P07306","Many tissues","MTKEYQDLQHLDNEESDHHQLRKGPPPPQPLLQRLCSGPRLLLLSLGLSLLLLVVVCVIGSQNSQLQEELRGLRETFSNFTASTEAQVKGLSTQGGNVGRKMKSLESQLEKQQKDLSEDHSSLLLHVKQFVSDLRSLSCQMAALQGNGSERTCCPVNWVEHERSCYWFSRSGKAWADADNYCRLEDAHLVVVTSWEEQKFVQHHIGPVNTWMGLHDQNGPWKWVDGTDYETGFKNWRPEQPDDWYGHGLGGGEDCAHFTDDGRWNDDVCQRPYRWVCETELDKASQEPPLL",291,33186,NA,NA,"TOPO_DOM 1..40; /note=Cytoplasmic; /evidence=ECO:0000305; TOPO_DOM 62..291; /note=Extracellular; /evidence=ECO:0000305","TRANSMEM 41..61; /note=Helical; Signal-anchor for type II membrane protein; /evidence=ECO:0000305","LLLLSLGLSLLLLVVVCVIGS","MTKEYQDLQHLDNEESDHHQLRKGPPPPQPLLQRLCSGPR",40,NA,"Vesicles","Cell Junctions","liver: 1092.3","Hepatocytes: 988.7","classical monocyte: 115.2;intermediate monocyte: 55.5;myeloid DC: 41.2","dendritic cells: 41.2;monocytes: 115.2",10000,"LLLLSLGLSLLLLVVVCVIGSQNS","MTKEYQDLQHLDNEESDHHQLRKGPPPPQPLLQRLCSGPR LLLLSLGLSLLLLVVVCVIGSQNS",NA,65
11,11,"ASGR2","Asialoglycoprotein receptor 2 (ASGP-R 2) (ASGPR 2) (C-type lectin domain family 4 member H2) (Hepatic lectin H2) (HL-2)","P07307","Many tissues","MAKDFQDIQQLSSEENDHPFHQGEGPGTRRLNPRRGNPFLKGPPPAQPLAQRLCSMVCFSLLALSFNILLLVVICVTGSQSEGHGGAQLQAELRSLKEAFSNFSSSTLTEVQAISTHGGSVGDKITSLGAKLEKQQQDLKADHDALLFHLKHFPVDLRFVACQMELLHSNGSQRTCCPVNWVEHQGSCYWFSHSGKAWAEAEKYCQLENAHLVVINSWEEQKFIVQHTNPFNTWIGLTDSDGSWKWVDGTDYRHNYKNWAVTQPDNWHGHELGGSEDCVEVQPDGRWNDDFCLQVYRWVCEKRRNATGEVA",311,35092,NA,NA,"TOPO_DOM 1..58; /note=Cytoplasmic; /evidence=ECO:0000255; TOPO_DOM 80..311; /note=Extracellular; /evidence=ECO:0000255","TRANSMEM 59..79; /note=Helical; Signal-anchor for type II membrane protein; /evidence=ECO:0000255","FSLLALSFNILLLVVICVTGS","MAKDFQDIQQLSSEENDHPFHQGEGPGTRRLNPRRGNPFLKGPPPAQPLAQRLCSMVC",58,NA,"Endoplasmic reticulum, Plasma membrane","","liver: 840.7","Hepatocytes: 773.1","classical monocyte: 110.0;myeloid DC: 64.1","dendritic cells: 64.1;monocytes: 110.0",1.4e+07,"FSLLALSFNILLLVVICVTGSQSEGHGGA","MAKDFQDIQQLSSEENDHPFHQGEGPGTRRLNPRRGNPFLKGPPPAQPLAQRLCSMVC FSLLALSFNILLLVVICVTGSQSEGHGGA",NA,88
12,12,"CD38","ADP-ribosyl cyclase/cyclic ADP-ribose hydrolase 1 (EC 3.2.2.-) (EC 3.2.2.6) (2'-phospho-ADP-ribosyl cyclase) (2'-phospho-ADP-ribosyl cyclase/2'-phospho-cyclic-ADP-ribose transferase) (EC 2.4.99.20) (2'-phospho-cyclic-ADP-ribose transferase) (ADP-ribosyl cyclase 1) (ADPRC 1) (Cyclic ADP-ribose hydrolase 1) (cADPR hydrolase 1) (T10) (CD antigen CD38)","P28907","Many tissues","MANCEFSPVSGDKPCCRLSRRAQLCLGVSILVLILVVVLAVVVPRWRQQWSGPGTTKRFPETVLARCVKYTEIHPEMRHVDCQSVWDAFKGAFISKHPCNITEEDYQPLMKLGTQTVPCNKILLWSRIKDLAHQFTQVQRDMFTLEDTLLGYLADDLTWCGEFNTSKINYQSCPDWRKDCSNNPVSVFWKTVSRRFAEAACDVVHVMLNGSRSKIFDKNSTFGSVEVHNLQPEKVQTLEAWVIHGGREDSRDLCQDPTIKELESIISKRNIQFSCKNIYRPDKFLQCVKNPEDSSCTSEI",300,34328,NA,NA,"TOPO_DOM 1..21; /note=Cytoplasmic; /evidence=ECO:0000255; TOPO_DOM 43..300; /note=Extracellular; /evidence=ECO:0000255","TRANSMEM 22..42; /note=Helical; Signal-anchor for type II membrane protein; /evidence=ECO:0000255","AQLCLGVSILVLILVVVLAVV","MANCEFSPVSGDKPCCRLSRR",21,NA,"Plasma membrane","","lymphoid tissue: 63.3","Plasma cells: 372.4","NK-cell: 18.3","B-cells: 9.9;dendritic cells: 5.8;NK-cells: 18.3",NA,"AQLCLGVSILVLILVVVLAVVVPRWRQQWSGPGTT","MANCEFSPVSGDKPCCRLSRR AQLCLGVSILVLILVVVLAVVVPRWRQQWSGPGTT",NA,57
13,13,"CLEC4F","C-type lectin domain family 4 member F (C-type lectin superfamily member 13) (C-type lectin 13)","Q8N1N0","Many tissues","MDGEAVRFCTDNQCVSLHPQEVDSVAMAPAAPKIPRLVQATPAFMAVTLVFSLVTLFVVVQQQTRPVPKPVQAVILGDNITGHLPFEPNNHHHFGREAEMRELIQTFKGHMENSSAWVVEIQMLKCRVDNVNSQLQVLGDHLGNTNADIQMVKGVLKDATTLSLQTQMLRSSLEGTNAEIQRLKEDLEKADALTFQTLNFLKSSLENTSIELHVLSRGLENANSEIQMLNASLETANTQAQLANSSLKNANAEIYVLRGHLDSVNDLRTQNQVLRNSLEGANAEIQGLKENLQNTNALNSQTQAFIKSSFDNTSAEIQFLRGHLERAGDEIHVLKRDLKMVTAQTQKANGRLDQTDTQIQVFKSEMENVNTLNAQIQVLNGHMKNASREIQTLKQGMKNASALTSQTQMLDSNLQKASAEIQRLRGDLENTKALTMEIQQEQSRLKTLHVVITSQEQLQRTQSQLLQMVLQGWKFNGGSLYYFSSVKKSWHEAEQFCVSQGAHLASVASKEEQAFLVEFTSKVYYWIGLTDRGTEGSWRWTDGTPFNAAQNKAPGSKGSCPLRKYIIVNSGMGACSFIDTPPCPWILSN",589,65519,NA,NA,"TOPO_DOM 1..39; /note=Cytoplasmic; /evidence=ECO:0000255; TOPO_DOM 61..589; /note=Extracellular; /evidence=ECO:0000255","TRANSMEM 40..60; /note=Helical; Signal-anchor for type II membrane protein; /evidence=ECO:0000255","ATPAFMAVTLVFSLVTLFVVV","MDGEAVRFCTDNQCVSLHPQEVDSVAMAPAAPKIPRLVQ",39,NA,"Plasma membrane","Cytosol","retina: 17.2","monocytes: 19.2;Rod photoreceptor cells: 9.5","intermediate monocyte: 6.0;non-classical monocyte: 4.4","monocytes: 6.0",NA,"ATPAFMAVTLVFSLVTLFVVVQQQTRPVP","MDGEAVRFCTDNQCVSLHPQEVDSVAMAPAAPKIPRLVQ ATPAFMAVTLVFSLVTLFVVVQQQTRPVP",NA,69
14,14,"CLEC5A","C-type lectin domain family 5 member A (C-type lectin superfamily member 5) (Myeloid DAP12-associating lectin 1) (MDL-1)","Q9NY25","Many tissues","MNWHMIISGLIVVVLKVVGMTLFLLYFPQIFNKSNDGFTTTRSYGTVSQIFGSSSPSPNGFITTRSYGTVCPKDWEFYQARCFFLSTSESSWNESRDFCKGKGSTLAIVNTPEKLKFLQDITDAEKYFIGLIYHREEKRWRWINNSVFNGNVTNQNQNFNCATIGLTKTFDAASCDISYRRICEKNAK",188,21521,NA,NA,"TOPO_DOM 1..4; /note=Cytoplasmic; /evidence=ECO:0000255; TOPO_DOM 28..188; /note=Extracellular; /evidence=ECO:0000255","TRANSMEM 5..27; /note=Helical; Signal-anchor for type II membrane protein; /evidence=ECO:0000255","MIISGLIVVVLKVVGMTLFLLYF","MNWH",4,NA,"Plasma membrane, Cytosol","","bone marrow: 41.3","Hofbauer cells: 34.4;Langerhans cells: 94.9;Macrophages: 51.8","classical monocyte: 9.1","monocytes: 9.1",NA,"MIISGLIVVVLKVVGMTLFLLYFPQIFNKSNDGFTTTRSYGTVSQIFGSSSPSPNGFITTRSY","MNWH MIISGLIVVVLKVVGMTLFLLYFPQIFNKSNDGFTTTRSYGTVSQIFGSSSPSPNGFITTRSY",NA,68
15,15,"CLECL1P","Putative C-type lectin-like domain family 1 (C-type lectin-like domain family 1 pseudogene) (Dendritic cell-associated lectin 1) (DC-associated lectin-1) (DCAL-1)","Q8IZS7","Many tissues","MVSNFFHVIQVFEKSATLISKTEHIGFVIYSWRKSTTHLGSRRKFAISIYLSEVSLQKYDCPFSGTSFVVFSLFLICAMAGDVVYADIKTVRTSPLELAFPLQRSVSFNFSTVHKSCPAKDWKVHKGKCYWIAETKKSWNKSQNDCAINNSYLMVIQDITAMVRFNI",167,19115,NA,NA,"TOPO_DOM 1..67; /note=Cytoplasmic; /evidence=ECO:0000255; TOPO_DOM 89..167; /note=Extracellular; /evidence=ECO:0000255","TRANSMEM 68..88; /note=Helical; Signal-anchor for type II membrane protein; /evidence=ECO:0000255","FVVFSLFLICAMAGDVVYADI","MVSNFFHVIQVFEKSATLISKTEHIGFVIYSWRKSTTHLGSRRKFAISIYLSEVSLQKYDCPFSGTS",67,NA,"Plasma membrane, Centriolar satellite","","intestine: 9.9;lymphoid tissue: 31.1","B-cells: 95.2;dendritic cells: 66.3;granulocytes: 38.8;Hofbauer cells: 24.6;Langerhans cells: 82.8;Macrophages: 23.9;Plasma cells: 33.9","memory B-cell: 120.9","B-cells: 120.9",NA,"FVVFSLFLICAMAGDVVYADIKTVRTSPLELAFPLQRSVSFNFSTVHKSCPAKDWKVHKGK","MVSNFFHVIQVFEKSATLISKTEHIGFVIYSWRKSTTHLGSRRKFAISIYLSEVSLQKYDCPFSGTS FVVFSLFLICAMAGDVVYADIKTVRTSPLELAFPLQRSVSFNFSTVHKSCPAKDWKVHKGK",NA,129
16,16,"COL17A1","Collagen alpha-1(XVII) chain (180 kDa bullous pemphigoid antigen 2) (Bullous pemphigoid antigen 2) [Cleaved into: 120 kDa linear IgA disease antigen (120 kDa linear IgA dermatosis antigen) (Linear IgA disease antigen 1) (LAD-1); 97 kDa linear IgA disease antigen (97 kDa linear IgA bullous dermatosis antigen) (97 kDa LAD antigen) (97-LAD) (Linear IgA bullous disease antigen of 97 kDa) (LABD97)]","Q9UMD9","Many tissues","MDVTKKNKRDGTEVTERIVTETVTTRLTSLPPKGGTSNGYAKTASLGGGSRLEKQSLTHGSSGYINSTGSTRGHASTSSYRRAHSPASTLPNSPGSTFERKTHVTRHAYEGSSSGNSSPEYPRKEFASSSTRGRSQTRESEIRVRLQSASPSTRWTELDDVKRLLKGSRSASVSPTRNSSNTLPIPKKGTVETKIVTASSQSVSGTYDATILDANLPSHVWSSTLPAGSSMGTYHNNMTTQSSSLLNTNAYSAGSVFGVPNNMASCSPTLHPGLSTSSSVFGMQNNLAPSLTTLSHGTTTTSTAYGVKKNMPQSPAAVNTGVSTSAACTTSVQSDDLLHKDCKFLILEKDNTPAKKEMELLIMTKDSGKVFTASPASIAATSFSEDTLKKEKQAAYNADSGLKAEANGDLKTVSTKGKTTTADIHSYGSSGGGGSGGGGGVGGAGGGPWGPAPAWCPCGSCCSWWKWLLGLLLTWLLLLGLLFGLIALAEEVRKLKARVDELERIRRSILPYGDSMDRIEKDRLQGMAPAAGADLDKIGLHSDSQEELWMFVRKKLMMEQENGNLRGSPGPKGDMGSPGPKGDRGFPGTPGIPGPLGHPGPQGPKGQKGSVGDPGMEGPMGQRGREGPMGPRGEAGPPGSGEKGERGAAGEPGPHGPPGVPGSVGPKGSSGSPGPQGPPGPVGLQGLRGEVGLPGVKGDKGPMGPPGPKGDQGEKGPRGLTGEPGMRGLPGAVGEPGAKGAMGPAGPDGHQGPRGEQGLTGMPGIRGPPGPSGDPGKPGLTGPQGPQGLPGTPGRPGIKGEPGAPGKIVTSEGSSMLTVPGPPGPPGAMGPPGPPGAPGPAGPAGLPGHQEVLNLQGPPGPPGPRGPPGPSIPGPPGPRGPPGEGLPGPPGPPGSFLSNSETFLSGPPGPPGPPGPKGDQGPPGPRGHQGEQGLPGFSTSGSSSFGLNLQGPPGPPGPQGPKGDKGDPGVPGALGIPSGPSEGGSSSTMYVSGPPGPPGPPGPPGSISSSGQEIQQYISEYMQSDSIRSYLSGVQGPPGPPGPPGPVTTITGETFDYSELASHVVSYLRTSGYGVSLFSSSISSEDILAVLQRDDVRQYLRQYLMGPRGPPGPPGASGDGSLLSLDYAELSSRILSYMSSSGISIGLPGPPGPPGLPGTSYEELLSLLRGSEFRGIVGPPGPPGPPGIPGNVWSSISVEDLSSYLHTAGLSFIPGPPGPPGPPGPRGPPGVSGALATYAAENSDSFRSELISYLTSPDVRSFIVGPPGPPGPQGPPGDSRLLSTDASHSRGSSSSSHSSSVRRGSSYSSSMSTGGGGAGSLGAGGAFGEAAGDRGPYGTDIGPGGGYGAAAEGGMYAGNGGLLGADFAGDLDYNELAVRVSESMQRQGLLQGMAYTVQGPPGQPGPQGPPGISKVFSAYSNVTADLMDFFQTYGAIQGPPGQKGEMGTPGPKGDRGPAGPPGHPGPPGPRGHKGEKGDKGDQVYAGRRRRRSIAVKP",1497,150419,NA,NA,"TOPO_DOM 1..467; /note=Cytoplasmic; /evidence=ECO:0000255; TOPO_DOM 489..1497; /note=Extracellular; /evidence=ECO:0000255","TRANSMEM 468..488; /note=Helical; Signal-anchor for type II membrane protein; /evidence=ECO:0000255","LLGLLLTWLLLLGLLFGLIAL","MDVTKKNKRDGTEVTERIVTETVTTRLTSLPPKGGTSNGYAKTASLGGGSRLEKQSLTHGSSGYINSTGSTRGHASTSSYRRAHSPASTLPNSPGSTFERKTHVTRHAYEGSSSGNSSPEYPRKEFASSSTRGRSQTRESEIRVRLQSASPSTRWTELDDVKRLLKGSRSASVSPTRNSSNTLPIPKKGTVETKIVTASSQSVSGTYDATILDANLPSHVWSSTLPAGSSMGTYHNNMTTQSSSLLNTNAYSAGSVFGVPNNMASCSPTLHPGLSTSSSVFGMQNNLAPSLTTLSHGTTTTSTAYGVKKNMPQSPAAVNTGVSTSAACTTSVQSDDLLHKDCKFLILEKDNTPAKKEMELLIMTKDSGKVFTASPASIAATSFSEDTLKKEKQAAYNADSGLKAEANGDLKTVSTKGKTTTADIHSYGSSGGGGSGGGGGVGGAGGGPWGPAPAWCPCGSCCSWWKW",467,NA,"Plasma membrane","Golgi apparatus","skin 1: 580.3","Basal keratinocytes: 677.3;Basal respiratory cells: 125.9;Basal squamous epithelial cells: 191.5;Distal enterocytes: 118.0;Salivary duct cells: 116.5;Suprabasal keratinocytes: 156.6","","",32000,"LLGLLLTWLLLLGLLFGLIALAEEVRKLKARV","MDVTKKNKRDGTEVTERIVTETVTTRLTSLPPKGGTSNGYAKTASLGGGSRLEKQSLTHGSSGYINSTGSTRGHASTSSYRRAHSPASTLPNSPGSTFERKTHVTRHAYEGSSSGNSSPEYPRKEFASSSTRGRSQTRESEIRVRLQSASPSTRWTELDDVKRLLKGSRSASVSPTRNSSNTLPIPKKGTVETKIVTASSQSVSGTYDATILDANLPSHVWSSTLPAGSSMGTYHNNMTTQSSSLLNTNAYSAGSVFGVPNNMASCSPTLHPGLSTSSSVFGMQNNLAPSLTTLSHGTTTTSTAYGVKKNMPQSPAAVNTGVSTSAACTTSVQSDDLLHKDCKFLILEKDNTPAKKEMELLIMTKDSGKVFTASPASIAATSFSEDTLKKEKQAAYNADSGLKAEANGDLKTVSTKGKTTTADIHSYGSSGGGGSGGGGGVGGAGGGPWGPAPAWCPCGSCCSWWKW LLGLLLTWLLLLGLLFGLIALAEEVRKLKARV",NA,500
17,17,"COLEC12","Collectin-12 (Collectin placenta protein 1) (CL-P1) (hCL-P1) (Nurse cell scavenger receptor 2) (Scavenger receptor class A member 4) (Scavenger receptor with C-type lectin)","Q5KU26","Many tissues","MKDDFAEEEEVQSFGYKRFGIQEGTQCTKCKNNWALKFSIILLYILCALLTITVAILGYKVVEKMDNVTGGMETSRQTYDDKLTAVESDLKKLGDQTGKKAISTNSELSTFRSDILDLRQQLREITEKTSKNKDTLEKLQASGDALVDRQSQLKETLENNSFLITTVNKTLQAYNGYVTNLQQDTSVLQGNLQNQMYSHNVVIMNLNNLNLTQVQQRNLITNLQRSVDDTSQAIQRIKNDFQNLQQVFLQAKKDTDWLKEKVQSLQTLAANNSALAKANNDTLEDMNSQLNSFTGQMENITTISQANEQNLKDLQDLHKDAENRTAIKFNQLEERFQLFETDIVNIISNISYTAHHLRTLTSNLNEVRTTCTDTLTKHTDDLTSLNNTLANIRLDSVSLRMQQDLMRSRLDTEVANLSVIMEEMKLVDSKHGQLIKNFTILQGPPGPRGPRGDRGSQGPPGPTGNKGQKGEKGEPGPPGPAGERGPIGPAGPPGERGGKGSKGSQGPKGSRGSPGKPGPQGSSGDPGPPGPPGKEGLPGPQGPPGFQGLQGTVGEPGVPGPRGLPGLPGVPGMPGPKGPPGPPGPSGAVVPLALQNEPTPAPEDNGCPPHWKNFTDKCYYFSVEKEIFEDAKLFCEDKSSHLVFINTREEQQWIKKQMVGRESHWIGLTDSERENEWKWLDGTSPDYKNWKAGQPDNWGHGHGPGEDCAGLIYAGQWNDFQCEDVNNFICEKDRETVLSSAL",742,81515,NA,NA,"TOPO_DOM 1..37; /note=Cytoplasmic; /evidence=ECO:0000255; TOPO_DOM 59..742; /note=Extracellular; /evidence=ECO:0000255","TRANSMEM 38..58; /note=Helical; Signal-anchor for type II membrane protein; /evidence=ECO:0000255","FSIILLYILCALLTITVAILG","MKDDFAEEEEVQSFGYKRFGIQEGTQCTKCKNNWALK",37,NA,"Golgi apparatus, Vesicles","Cell Junctions","cervix: 31.6","Cytotrophoblasts: 143.0;Hofbauer cells: 132.0;Microglial cells: 239.0;Syncytiotrophoblasts: 97.6","","",580000,"FSIILLYILCALLTITVAILGY","MKDDFAEEEEVQSFGYKRFGIQEGTQCTKCKNNWALK FSIILLYILCALLTITVAILGY",NA,60
18,18,"CORIN","Atrial natriuretic peptide-converting enzyme (EC 3.4.21.-) (Corin) (Heart-specific serine proteinase ATC2) (Pro-ANP-converting enzyme) (Transmembrane protease serine 10) [Cleaved into: Atrial natriuretic peptide-converting enzyme, N-terminal propeptide; Atrial natriuretic peptide-converting enzyme, activated protease fragment; Atrial natriuretic peptide-converting enzyme, 180 kDa soluble fragment; Atrial natriuretic peptide-converting enzyme, 160 kDa soluble fragment; Atrial natriuretic peptide-converting enzyme, 100 kDa soluble fragment]","Q9Y5Q5","Many tissues","MKQSPALAPEERCRRAGSPKPVLRADDNNMGNGCSQKLATANLLRFLLLVLIPCICALVLLLVILLSYVGTLQKVYFKSNGSEPLVTDGEIQGSDVILTNTIYNQSTVVSTAHPDQHVPAWTTDASLPGDQSHRNTSACMNITHSQCQMLPYHATLTPLLSVVRNMEMEKFLKFFTYLHRLSCYQHIMLFGCTLAFPECIIDGDDSHGLLPCRSFCEAAKEGCESVLGMVNYSWPDFLRCSQFRNQTESSNVSRICFSPQQENGKQLLCGRGENFLCASGICIPGKLQCNGYNDCDDWSDEAHCNCSENLFHCHTGKCLNYSLVCDGYDDCGDLSDEQNCDCNPTTEHRCGDGRCIAMEWVCDGDHDCVDKSDEVNCSCHSQGLVECRNGQCIPSTFQCDGDEDCKDGSDEENCSVIQTSCQEGDQRCLYNPCLDSCGGSSLCDPNNSLNNCSQCEPITLELCMNLPYNSTSYPNYFGHRTQKEASISWESSLFPALVQTNCYKYLMFFSCTILVPKCDVNTGEHIPPCRALCEHSKERCESVLGIVGLQWPEDTDCSQFPEENSDNQTCLMPDEYVEECSPSHFKCRSGQCVLASRRCDGQADCDDDSDEENCGCKERDLWECPSNKQCLKHTVICDGFPDCPDYMDEKNCSFCQDDELECANHACVSRDLWCDGEADCSDSSDEWDCVTLSINVNSSSFLMVHRAATEHHVCADGWQEILSQLACKQMGLGEPSVTKLIQEQEKEPRWLTLHSNWESLNGTTLHELLVNGQSCESRSKISLLCTKQDCGRRPAARMNKRILGGRTSRPGRWPWQCSLQSEPSGHICGCVLIAKKWVLTVAHCFEGRENAAVWKVVLGINNLDHPSVFMQTRFVKTIILHPRYSRAVVDYDISIVELSEDISETGYVRPVCLPNPEQWLEPDTYCYITGWGHMGNKMPFKLQEGEVRIISLEHCQSYFDMKTITTRMICAGYESGTVDSCMGDSGGPLVCEKPGGRWTLFGLTSWGSVCFSKVLGPGVYSNVSYFVEWIKRQIYIQTFLLN",1042,116486,NA,NA,"TOPO_DOM 1..45; /note=Cytoplasmic; /evidence=ECO:0000255; TOPO_DOM 67..1042; /note=Extracellular; /evidence=ECO:0000255","TRANSMEM 46..66; /note=Helical; Signal-anchor for type II membrane protein; /evidence=ECO:0000255","FLLLVLIPCICALVLLLVILL","MKQSPALAPEERCRRAGSPKPVLRADDNNMGNGCSQKLATANLLR",45,NA,"Plasma membrane","Nuclear bodies, Actin filaments","heart muscle: 56.9","Cardiomyocytes: 71.6","","",NA,"FLLLVLIPCICALVLLLVILLSYVGTLQK","MKQSPALAPEERCRRAGSPKPVLRADDNNMGNGCSQKLATANLLR FLLLVLIPCICALVLLLVILLSYVGTLQK",NA,75
19,19,"DYSF","Dysferlin (Dystrophy-associated fer-1-like protein) (Fer-1-like protein 1)","O75923","Many tissues","MLRVFILYAENVHTPDTDISDAYCSAVFAGVKKRTKVIKNSVNPVWNEGFEWDLKGIPLDQGSELHVVVKDHETMGRNRFLGEAKVPLREVLATPSLSASFNAPLLDTKKQPTGASLVLQVSYTPLPGAVPLFPPPTPLEPSPTLPDLDVVADTGGEEDTEDQGLTGDEAEPFLDQSGGPGAPTTPRKLPSRPPPHYPGIKRKRSAPTSRKLLSDKPQDFQIRVQVIEGRQLPGVNIKPVVKVTAAGQTKRTRIHKGNSPLFNETLFFNLFDSPGELFDEPIFITVVDSRSLRTDALLGEFRMDVGTIYREPRHAYLRKWLLLSDPDDFSAGARGYLKTSLCVLGPGDEAPLERKDPSEDKEDIESNLLRPTGVALRGAHFCLKVFRAEDLPQMDDAVMDNVKQIFGFESNKKNLVDPFVEVSFAGKMLCSKILEKTANPQWNQNITLPAMFPSMCEKMRIRIIDWDRLTHNDIVATTYLSMSKISAPGGEIEEEPAGAVKPSKASDLDDYLGFLPTFGPCYINLYGSPREFTGFPDPYTELNTGKGEGVAYRGRLLLSLETKLVEHSEQKVEDLPADDILRVEKYLRRRKYSLFAAFYSATMLQDVDDAIQFEVSIGNYGNKFDMTCLPLASTTQYSRAVFDGCHYYYLPWGNVKPVVVLSSYWEDISHRIETQNQLLGIADRLEAGLEQVHLALKAQCSTEDVDSLVAQLTDELIAGCSQPLGDIHETPSATHLDQYLYQLRTHHLSQITEAALALKLGHSELPAALEQAEDWLLRLRALAEEPQNSLPDIVIWMLQGDKRVAYQRVPAHQVLFSRRGANYCGKNCGKLQTIFLKYPMEKVPGARMPVQIRVKLWFGLSVDEKEFNQFAEGKLSVFAETYENETKLALVGNWGTTGLTYPKFSDVTGKIKLPKDSFRPSAGWTWAGDWFVCPEKTLLHDMDAGHLSFVEEVFENQTRLPGGQWIYMSDNYTDVNGEKVLPKDDIECPLGWKWEDEEWSTDLNRAVDEQGWEYSITIPPERKPKHWVPAEKMYYTHRRRRWVRLRRRDLSQMEALKRHRQAEAEGEGWEYASLFGWKFHLEYRKTDAFRRRRWRRRMEPLEKTGPAAVFALEGALGGVMDDKSEDSMSVSTLSFGVNRPTISCIFDYGNRYHLRCYMYQARDLAAMDKDSFSDPYAIVSFLHQSQKTVVVKNTLNPTWDQTLIFYEIEIFGEPATVAEQPPSIVVELYDHDTYGADEFMGRCICQPSLERMPRLAWFPLTRGSQPSGELLASFELIQREKPAIHHIPGFEVQETSRILDESEDTDLPYPPPQREANIYMVPQNIKPALQRTAIEILAWGLRNMKSYQLANISSPSLVVECGGQTVQSCVIRNLRKNPNFDICTLFMEVMLPREELYCPPITVKVIDNRQFGRRPVVGQCTIRSLESFLCDPYSAESPSPQGGPDDVSLLSPGEDVLIDIDDKEPLIPIQEEEFIDWWSKFFASIGEREKCGSYLEKDFDTLKVYDTQLENVEAFEGLSDFCNTFKLYRGKTQEETEDPSVIGEFKGLFKIYPLPEDPAIPMPPRQFHQLAAQGPQECLVRIYIVRAFGLQPKDPNGKCDPYIKISIGKKSVSDQDNYIPCTLEPVFGKMFELTCTLPLEKDLKITLYDYDLLSKDEKIGETVVDLENRLLSKFGARCGLPQTYCVSGPNQWRDQLRPSQLLHLFCQQHRVKAPVYRTDRVMFQDKEYSIEEIEAGRIPNPHLGPVEERLALHVLQQQGLVPEHVESRPLYSPLQPDIEQGKLQMWVDLFPKALGRPGPPFNITPRRARRFFLRCIIWNTRDVILDDLSLTGEKMSDIYVKGWMIGFEEHKQKTDVHYRSLGGEGNFNWRFIFPFDYLPAEQVCTIAKKDAFWRLDKTESKIPARVVFQIWDNDKFSFDDFLGSLQLDLNRMPKPAKTAKKCSLDQLDDAFHPEWFVSLFEQKTVKGWWPCVAEEGEKKILAGKLEMTLEIVAESEHEERPAGQGRDEPNMNPKLEDPRRPDTSFLWFTSPYKTMKFILWRRFRWAIILFIILFILLLFLAIFIYAFPNYAAMKLVKPFS",2080,237295,NA,NA,"TOPO_DOM 1..2046; /note=Cytoplasmic; /evidence=ECO:0000255; TOPO_DOM 2068..2080; /note=Extracellular; /evidence=ECO:0000255","TRANSMEM 2047..2067; /note=Helical; /evidence=ECO:0000255","IILFIILFILLLFLAIFIYAF","MLRVFILYAENVHTPDTDISDAYCSAVFAGVKKRTKVIKNSVNPVWNEGFEWDLKGIPLDQGSELHVVVKDHETMGRNRFLGEAKVPLREVLATPSLSASFNAPLLDTKKQPTGASLVLQVSYTPLPGAVPLFPPPTPLEPSPTLPDLDVVADTGGEEDTEDQGLTGDEAEPFLDQSGGPGAPTTPRKLPSRPPPHYPGIKRKRSAPTSRKLLSDKPQDFQIRVQVIEGRQLPGVNIKPVVKVTAAGQTKRTRIHKGNSPLFNETLFFNLFDSPGELFDEPIFITVVDSRSLRTDALLGEFRMDVGTIYREPRHAYLRKWLLLSDPDDFSAGARGYLKTSLCVLGPGDEAPLERKDPSEDKEDIESNLLRPTGVALRGAHFCLKVFRAEDLPQMDDAVMDNVKQIFGFESNKKNLVDPFVEVSFAGKMLCSKILEKTANPQWNQNITLPAMFPSMCEKMRIRIIDWDRLTHNDIVATTYLSMSKISAPGGEIEEEPAGAVKPSKASDLDDYLGFLPTFGPCYINLYGSPREFTGFPDPYTELNTGKGEGVAYRGRLLLSLETKLVEHSEQKVEDLPADDILRVEKYLRRRKYSLFAAFYSATMLQDVDDAIQFEVSIGNYGNKFDMTCLPLASTTQYSRAVFDGCHYYYLPWGNVKPVVVLSSYWEDISHRIETQNQLLGIADRLEAGLEQVHLALKAQCSTEDVDSLVAQLTDELIAGCSQPLGDIHETPSATHLDQYLYQLRTHHLSQITEAALALKLGHSELPAALEQAEDWLLRLRALAEEPQNSLPDIVIWMLQGDKRVAYQRVPAHQVLFSRRGANYCGKNCGKLQTIFLKYPMEKVPGARMPVQIRVKLWFGLSVDEKEFNQFAEGKLSVFAETYENETKLALVGNWGTTGLTYPKFSDVTGKIKLPKDSFRPSAGWTWAGDWFVCPEKTLLHDMDAGHLSFVEEVFENQTRLPGGQWIYMSDNYTDVNGEKVLPKDDIECPLGWKWEDEEWSTDLNRAVDEQGWEYSITIPPERKPKHWVPAEKMYYTHRRRRWVRLRRRDLSQMEALKRHRQAEAEGEGWEYASLFGWKFHLEYRKTDAFRRRRWRRRMEPLEKTGPAAVFALEGALGGVMDDKSEDSMSVSTLSFGVNRPTISCIFDYGNRYHLRCYMYQARDLAAMDKDSFSDPYAIVSFLHQSQKTVVVKNTLNPTWDQTLIFYEIEIFGEPATVAEQPPSIVVELYDHDTYGADEFMGRCICQPSLERMPRLAWFPLTRGSQPSGELLASFELIQREKPAIHHIPGFEVQETSRILDESEDTDLPYPPPQREANIYMVPQNIKPALQRTAIEILAWGLRNMKSYQLANISSPSLVVECGGQTVQSCVIRNLRKNPNFDICTLFMEVMLPREELYCPPITVKVIDNRQFGRRPVVGQCTIRSLESFLCDPYSAESPSPQGGPDDVSLLSPGEDVLIDIDDKEPLIPIQEEEFIDWWSKFFASIGEREKCGSYLEKDFDTLKVYDTQLENVEAFEGLSDFCNTFKLYRGKTQEETEDPSVIGEFKGLFKIYPLPEDPAIPMPPRQFHQLAAQGPQECLVRIYIVRAFGLQPKDPNGKCDPYIKISIGKKSVSDQDNYIPCTLEPVFGKMFELTCTLPLEKDLKITLYDYDLLSKDEKIGETVVDLENRLLSKFGARCGLPQTYCVSGPNQWRDQLRPSQLLHLFCQQHRVKAPVYRTDRVMFQDKEYSIEEIEAGRIPNPHLGPVEERLALHVLQQQGLVPEHVESRPLYSPLQPDIEQGKLQMWVDLFPKALGRPGPPFNITPRRARRFFLRCIIWNTRDVILDDLSLTGEKMSDIYVKGWMIGFEEHKQKTDVHYRSLGGEGNFNWRFIFPFDYLPAEQVCTIAKKDAFWRLDKTESKIPARVVFQIWDNDKFSFDDFLGSLQLDLNRMPKPAKTAKKCSLDQLDDAFHPEWFVSLFEQKTVKGWWPCVAEEGEKKILAGKLEMTLEIVAESEHEERPAGQGRDEPNMNPKLEDPRRPDTSFLWFTSPYKTMKFILWRRFRWA",2046,NA,"Plasma membrane, Centriolar satellite","","skeletal muscle: 95.3","Adipocytes: 27.6;Endothelial cells: 42.2;Excitatory neurons: 34.3;Oligodendrocytes: 59.1;Skeletal myocytes: 38.6;Syncytiotrophoblasts: 66.1","neutrophil: 27.0","granulocytes: 27.0",NA,"IILFIILFILLLFLAIFIYAFPN","GFEEHKQKTDVHYRSLGGEGNFNWRFIFPFDYLPAEQVCTIAKKDAFWRLDKTESKIPARVVFQIWDNDKFSFDDFLGSLQLDLNRMPKPAKTAKKCSLDQLDDAFHPEWFVSLFEQKTVKGWWPCVAEEGEKKILAGKLEMTLEIVAESEHEERPAGQGRDEPNMNPKLEDPRRPDTSFLWFTSPYKTMKFILWRRFRWA IILFIILFILLLFLAIFIYAFPN",NA,225
20,20,"GLDN","Gliomedin [Cleaved into: Gliomedin shedded ectodomain]","Q6ZMI3","Many tissues","MARGAEGGRGDAGWGLRGALAAVALLSALNAAGTVFALCQWRGLSSALRALEAQRGREQREDSALRSFLAELSRAPRGASAPPQDPASSARNKRSHSGEPAPHIRAESHDMLMMMTYSMVPIRVMVDLCNSTKGICLTGPSGPPGPPGAGGLPGHNGLDGQPGPQGPKGEKGANGKRGKMGIPGAAGNPGERGEKGDHGELGLQGNEGPPGQKGEKGDKGDVSNDVLLAGAKGDQGPPGPPGPPGPPGPPGPPGSRRAKGPRQPSMFNGQCPGETCAIPNDDTLVGKADEKASEHHSPQAESMITSIGNPVQVLKVTETFGTWIRESANKSDDRIWVTEHFSGIMVKEFKDQPSLLNGSYTFIHLPYYFHGCGHVVYNNSLYYHKGGSNTLVRFEFGQETSQTLKLENALYFDRKYLFANSKTYFNLAVDEKGLWIIYASSVDGSSILVAQLDERTFSVVQHVNTTYPKSKAGNAFIARGILYVTDTKDMRVTFAFDLLGGKQINANFDLRTSQSVLAMLAYNMRDQHLYSWEDGHLMLYPVQFLSTTLNQ",551,58957,NA,NA,"TOPO_DOM 1..17; /note=Cytoplasmic; /evidence=ECO:0000255; TOPO_DOM 40..551; /note=Extracellular; /evidence=ECO:0000255","TRANSMEM 18..39; /note=Helical; Signal-anchor for type II membrane protein; /evidence=ECO:0000255","GALAAVALLSALNAAGTVFALC","MARGAEGGRGDAGWGLR",17,NA,"Vesicles, Plasma membrane","","brain: 84.8","Oligodendrocytes: 482.2","","",410000,"GALAAVALLSALNAAGTVFALCQWRGLSSALRA","MARGAEGGRGDAGWGLR GALAAVALLSALNAAGTVFALCQWRGLSSALRA",NA,51
21,21,"KLRC1","NKG2-A/NKG2-B type II integral membrane protein (CD159 antigen-like family member A) (NK cell receptor A) (NKG2-A/B-activating NK receptor) (CD antigen CD159a)","P26715","Many tissues","MDNQGVIYSDLNLPPNPKRQQRKPKGNKNSILATEQEITYAELNLQKASQDFQGNDKTYHCKDLPSAPEKLIVGILGIICLILMASVVTIVVIPSTLIQRHNNSSLNTRTQKARHCGHCPEEWITYSNSCYYIGKERRTWEESLLACTSKNSSLLSIDNEEEMKFLSIISPSSWIGVFRNSSHHPWVTMNGLAFKHEIKDSDNAELNCAVLQVNRLKSAQCGSSIIYHCKHKL",233,26314,NA,NA,"TOPO_DOM 1..70; /note=Cytoplasmic; /evidence=ECO:0000255; TOPO_DOM 94..233; /note=Extracellular; /evidence=ECO:0000255","TRANSMEM 71..93; /note=Helical; Signal-anchor for type II membrane protein; /evidence=ECO:0000255","LIVGILGIICLILMASVVTIVVI","MDNQGVIYSDLNLPPNPKRQQRKPKGNKNSILATEQEITYAELNLQKASQDFQGNDKTYHCKDLPSAPEK",70,NA,"Plasma membrane","","lymphoid tissue: 6.7","NK-cells: 229.4;T-cells: 105.7","gdT-cell: 229.2;NK-cell: 367.6","NK-cells: 367.6;T-cells: 229.2",NA,"LIVGILGIICLILMASVVTIVVIPSTLIQRHNNSSLNTRTQKARHCGHCPEEW","MDNQGVIYSDLNLPPNPKRQQRKPKGNKNSILATEQEITYAELNLQKASQDFQGNDKTYHCKDLPSAPEK LIVGILGIICLILMASVVTIVVIPSTLIQRHNNSSLNTRTQKARHCGHCPEEW",NA,124
22,22,"KLRF1","Killer cell lectin-like receptor subfamily F member 1 (Lectin-like receptor F1) (Activating coreceptor NKp80) (C-type lectin domain family 5 member C)","Q9NZS2","Many tissues","MQDEERYMTLNVQSKKRSSAQTSQLTFKDYSVTLHWYKILLGISGTVNGILTLTLISLILLVSQGVLLKCQKGSCSNATQYEDTGDLKVNNGTRRNISNKDLCASRSADQTVLCQSEWLKYQGKCYWFSNEMKSWSDSYVYCLERKSHLLIIHDQLEMAFIQKNLRQLNYVWIGLNFTSLKMTWTWVDGSPIDSKIFFIKGPAKENSCAAIKESKIFSETCSSVFKWICQY",231,26563,NA,NA,"TOPO_DOM 1..38; /note=Cytoplasmic; /evidence=ECO:0000255; TOPO_DOM 60..231; /note=Extracellular; /evidence=ECO:0000255","TRANSMEM 39..59; /note=Helical; Signal-anchor for type II membrane protein; /evidence=ECO:0000255","ILLGISGTVNGILTLTLISLI","MQDEERYMTLNVQSKKRSSAQTSQLTFKDYSVTLHWYK",38,NA,"Plasma membrane","","bone marrow: 12.8;lymphoid tissue: 18.0","NK-cells: 681.1","NK-cell: 664.4","NK-cells: 664.4",NA,"ILLGISGTVNGILTLTLISLILLVSQGVLLKCQKGSCSNATQ","MQDEERYMTLNVQSKKRSSAQTSQLTFKDYSVTLHWYK ILLGISGTVNGILTLTLISLILLVSQGVLLKCQKGSCSNATQ",NA,81
23,23,"KLRK1","NKG2-D type II integral membrane protein (Killer cell lectin-like receptor subfamily K member 1) (NK cell receptor D) (NKG2-D-activating NK receptor) (CD antigen CD314)","P26718","Many tissues","MGWIRGRRSRHSWEMSEFHNYNLDLKKSDFSTRWQKQRCPVVKSKCRENASPFFFCCFIAVAMGIRFIIMVTIWSAVFLNSLFNQEVQIPLTESYCGPCPKNWICYKNNCYQFFDESKNWYESQASCMSQNASLLKVYSKEDQDLLKLVKSYHWMGLVHIPTNGSWQWEDGSILSPNLLTIIEMQKGDCALYASSFKGYIENCSTPNTYICMQRTV",216,25304,NA,NA,"TOPO_DOM 1..51; /note=Cytoplasmic; /evidence=ECO:0000255; TOPO_DOM 73..216; /note=Extracellular; /evidence=ECO:0000255","TRANSMEM 52..72; /note=Helical; Signal-anchor for type II membrane protein; /evidence=ECO:0000255","PFFFCCFIAVAMGIRFIIMVT","MGWIRGRRSRHSWEMSEFHNYNLDLKKSDFSTRWQKQRCPVVKSKCRENAS",51,NA,"Plasma membrane","","bone marrow: 22.1;lymphoid tissue: 42.9","NK-cells: 26.5;T-cells: 41.6","gdT-cell: 287.4;MAIT T-cell: 111.5;memory CD8 T-cell: 261.2;naive CD8 T-cell: 258.8;NK-cell: 335.8","NK-cells: 335.8;T-cells: 287.4",47000,"PFFFCCFIAVAMGIRFIIMVTIWSAVFLNSLFNQEVQIPLTESYCGPCPKNW","MGWIRGRRSRHSWEMSEFHNYNLDLKKSDFSTRWQKQRCPVVKSKCRENAS PFFFCCFIAVAMGIRFIIMVTIWSAVFLNSLFNQEVQIPLTESYCGPCPKNW",NA,104
24,24,"MCEMP1","Mast cell-expressed membrane protein 1","Q8IX19","Many tissues","MEVEEIYKHQEVKMQAPAFRDKKQGVSAKNQGAHDPDYENITLAFKNQDHAKGGHSRPTSQVPAQCRPPSDSTQVPCWLYRAILSLYILLALAFVLCIILSAFIMVKNAEMSKELLGFKRELWNVSNSVQACEERQKRGWDSVQQSITMVRSKIDRLETTLAGIKNIDTKVQKILEVLQKMPQSSPQ",187,21229,NA,NA,"TOPO_DOM 1..85; /note=Cytoplasmic; /evidence=ECO:0000255; TOPO_DOM 107..187; /note=Extracellular; /evidence=ECO:0000255","TRANSMEM 86..106; /note=Helical; Signal-anchor for type II membrane protein; /evidence=ECO:0000255","LYILLALAFVLCIILSAFIMV","MEVEEIYKHQEVKMQAPAFRDKKQGVSAKNQGAHDPDYENITLAFKNQDHAKGGHSRPTSQVPAQCRPPSDSTQVPCWLYRAILS",85,NA,"Plasma membrane","","bone marrow: 65.9;lung: 74.2;lymphoid tissue: 35.1","Hofbauer cells: 74.2;Kupffer cells: 60.2;Langerhans cells: 20.6;Macrophages: 104.2","classical monocyte: 102.1;neutrophil: 45.9","granulocytes: 45.9;monocytes: 102.1",NA,"LYILLALAFVLCIILSAFIMVKNA","MEVEEIYKHQEVKMQAPAFRDKKQGVSAKNQGAHDPDYENITLAFKNQDHAKGGHSRPTSQVPAQCRPPSDSTQVPCWLYRAILS LYILLALAFVLCIILSAFIMVKNA",NA,110
25,25,"MYOF","Myoferlin (Fer-1-like protein 3)","Q9NZM1","Many tissues","MLRVIVESASNIPKTKFGKPDPIVSVIFKDEKKKTKKVDNELNPVWNEILEFDLRGIPLDFSSSLGIIVKDFETIGQNKLIGTATVALKDLTGDQSRSLPYKLISLLNEKGQDTGATIDLVIGYDPPSAPHPNDLSGPSVPGMGGDGEEDEGDEDRLDNAVRGPGPKGPVGTVSEAQLARRLTKVKNSRRMLSNKPQDFQIRVRVIEGRQLSGNNIRPVVKVHVCGQTHRTRIKRGNNPFFDELFFYNVNMTPSELMDEIISIRVYNSHSLRADCLMGEFKIDVGFVYDEPGHAVMRKWLLLNDPEDTSSGSKGYMKVSMFVLGTGDEPPPERRDRDNDSDDVESNLLLPAGIALRWVTFLLKIYRAEDIPQMDDAFSQTVKEIFGGNADKKNLVDPFVEVSFAGKKVCTNIIEKNANPEWNQVVNLQIKFPSVCEKIKLTIYDWDRLTKNDVVGTTYLHLSKIAASGGEVEDFSSSGTGAASYTVNTGETEVGFVPTFGPCYLNLYGSPREYTGFPDPYDELNTGKGEGVAYRGRILVELATFLEKTPPDKKLEPISNDDLLVVEKYQRRRKYSLSAVFHSATMLQDVGEAIQFEVSIGNYGNKFDTTCKPLASTTQYSRAVFDGNYYYYLPWAHTKPVVTLTSYWEDISHRLDAVNTLLAMAERLQTNIEALKSGIQGKIPANQLAELWLKLIDEVIEDTRYTLPLTEGKANVTVLDTQIRKLRSRSLSQIHEAAVRMRSEATDVKSTLAEIEDWLDKLMQLTEEPQNSMPDIIIWMIRGEKRLAYARIPAHQVLYSTSGENASGKYCGKTQTIFLKYPQEKNNGPKVPVELRVNIWLGLSAVEKKFNSFAEGTFTVFAEMYENQALMFGKWGTSGLVGRHKFSDVTGKIKLKREFFLPPKGWEWEGEWIVDPERSLLTEADAGHTEFTDEVYQNESRYPGGDWKPAEDTYTDANGDKAASPSELTCPPGWEWEDDAWSYDINRAVDEKGWEYGITIPPDHKPKSWVAAEKMYHTHRRRRLVRKRKKDLTQTASSTARAMEELQDQEGWEYASLIGWKFHWKQRSSDTFRRRRWRRKMAPSETHGAAAIFKLEGALGADTTEDGDEKSLEKQKHSATTVFGANTPIVSCNFDRVYIYHLRCYVYQARNLLALDKDSFSDPYAHICFLHRSKTTEIIHSTLNPTWDQTIIFDEVEIYGEPQTVLQNPPKVIMELFDNDQVGKDEFLGRSIFSPVVKLNSEMDITPKLLWHPVMNGDKACGDVLVTAELILRGKDGSNLPILPPQRAPNLYMVPQGIRPVVQLTAIEILAWGLRNMKNFQMASITSPSLVVECGGERVESVVIKNLKKTPNFPSSVLFMKVFLPKEELYMPPLVIKVIDHRQFGRKPVVGQCTIERLDRFRCDPYAGKEDIVPQLKASLLSAPPCRDIVIEMEDTKPLLASKLTEKEEEIVDWWSKFYASSGEHEKCGQYIQKGYSKLKIYNCELENVAEFEGLTDFSDTFKLYRGKSDENEDPSVVGEFKGSFRIYPLPDDPSVPAPPRQFRELPDSVPQECTVRIYIVRGLELQPQDNNGLCDPYIKITLGKKVIEDRDHYIPNTLNPVFGRMYELSCYLPQEKDLKISVYDYDTFTRDEKVGETIIDLENRFLSRFGSHCGIPEEYCVSGVNTWRDQLRPTQLLQNVARFKGFPQPILSEDGSRIRYGGRDYSLDEFEANKILHQHLGAPEERLALHILRTQGLVPEHVETRTLHSTFQPNISQGKLQMWVDVFPKSLGPPGPPFNITPRKAKKYYLRVIIWNTKDVILDEKSITGEEMSDIYVKGWIPGNEENKQKTDVHYRSLDGEGNFNWRFVFPFDYLPAEQLCIVAKKEHFWSIDQTEFRIPPRLIIQIWDNDKFSLDDYLGFLELDLRHTIIPAKSPEKCRLDMIPDLKAMNPLKAKTASLFEQKSMKGWWPCYAEKDGARVMAGKVEMTLEILNEKEADERPAGKGRDEPNMNPKLDLPNRPETSFLWFTNPCKTMKFIVWRRFKWVIIGLLFLLILLLFVAVLLYSLPNYLSMKIVKPNV",2061,234709,NA,NA,"TOPO_DOM 1..2025; /note=Cytoplasmic; /evidence=ECO:0000255; TOPO_DOM 2047..2061; /note=Extracellular; /evidence=ECO:0000255","TRANSMEM 2026..2046; /note=Helical; /evidence=ECO:0000255","WVIIGLLFLLILLLFVAVLLY","MLRVIVESASNIPKTKFGKPDPIVSVIFKDEKKKTKKVDNELNPVWNEILEFDLRGIPLDFSSSLGIIVKDFETIGQNKLIGTATVALKDLTGDQSRSLPYKLISLLNEKGQDTGATIDLVIGYDPPSAPHPNDLSGPSVPGMGGDGEEDEGDEDRLDNAVRGPGPKGPVGTVSEAQLARRLTKVKNSRRMLSNKPQDFQIRVRVIEGRQLSGNNIRPVVKVHVCGQTHRTRIKRGNNPFFDELFFYNVNMTPSELMDEIISIRVYNSHSLRADCLMGEFKIDVGFVYDEPGHAVMRKWLLLNDPEDTSSGSKGYMKVSMFVLGTGDEPPPERRDRDNDSDDVESNLLLPAGIALRWVTFLLKIYRAEDIPQMDDAFSQTVKEIFGGNADKKNLVDPFVEVSFAGKKVCTNIIEKNANPEWNQVVNLQIKFPSVCEKIKLTIYDWDRLTKNDVVGTTYLHLSKIAASGGEVEDFSSSGTGAASYTVNTGETEVGFVPTFGPCYLNLYGSPREYTGFPDPYDELNTGKGEGVAYRGRILVELATFLEKTPPDKKLEPISNDDLLVVEKYQRRRKYSLSAVFHSATMLQDVGEAIQFEVSIGNYGNKFDTTCKPLASTTQYSRAVFDGNYYYYLPWAHTKPVVTLTSYWEDISHRLDAVNTLLAMAERLQTNIEALKSGIQGKIPANQLAELWLKLIDEVIEDTRYTLPLTEGKANVTVLDTQIRKLRSRSLSQIHEAAVRMRSEATDVKSTLAEIEDWLDKLMQLTEEPQNSMPDIIIWMIRGEKRLAYARIPAHQVLYSTSGENASGKYCGKTQTIFLKYPQEKNNGPKVPVELRVNIWLGLSAVEKKFNSFAEGTFTVFAEMYENQALMFGKWGTSGLVGRHKFSDVTGKIKLKREFFLPPKGWEWEGEWIVDPERSLLTEADAGHTEFTDEVYQNESRYPGGDWKPAEDTYTDANGDKAASPSELTCPPGWEWEDDAWSYDINRAVDEKGWEYGITIPPDHKPKSWVAAEKMYHTHRRRRLVRKRKKDLTQTASSTARAMEELQDQEGWEYASLIGWKFHWKQRSSDTFRRRRWRRKMAPSETHGAAAIFKLEGALGADTTEDGDEKSLEKQKHSATTVFGANTPIVSCNFDRVYIYHLRCYVYQARNLLALDKDSFSDPYAHICFLHRSKTTEIIHSTLNPTWDQTIIFDEVEIYGEPQTVLQNPPKVIMELFDNDQVGKDEFLGRSIFSPVVKLNSEMDITPKLLWHPVMNGDKACGDVLVTAELILRGKDGSNLPILPPQRAPNLYMVPQGIRPVVQLTAIEILAWGLRNMKNFQMASITSPSLVVECGGERVESVVIKNLKKTPNFPSSVLFMKVFLPKEELYMPPLVIKVIDHRQFGRKPVVGQCTIERLDRFRCDPYAGKEDIVPQLKASLLSAPPCRDIVIEMEDTKPLLASKLTEKEEEIVDWWSKFYASSGEHEKCGQYIQKGYSKLKIYNCELENVAEFEGLTDFSDTFKLYRGKSDENEDPSVVGEFKGSFRIYPLPDDPSVPAPPRQFRELPDSVPQECTVRIYIVRGLELQPQDNNGLCDPYIKITLGKKVIEDRDHYIPNTLNPVFGRMYELSCYLPQEKDLKISVYDYDTFTRDEKVGETIIDLENRFLSRFGSHCGIPEEYCVSGVNTWRDQLRPTQLLQNVARFKGFPQPILSEDGSRIRYGGRDYSLDEFEANKILHQHLGAPEERLALHILRTQGLVPEHVETRTLHSTFQPNISQGKLQMWVDVFPKSLGPPGPPFNITPRKAKKYYLRVIIWNTKDVILDEKSITGEEMSDIYVKGWIPGNEENKQKTDVHYRSLDGEGNFNWRFVFPFDYLPAEQLCIVAKKEHFWSIDQTEFRIPPRLIIQIWDNDKFSLDDYLGFLELDLRHTIIPAKSPEKCRLDMIPDLKAMNPLKAKTASLFEQKSMKGWWPCYAEKDGARVMAGKVEMTLEILNEKEADERPAGKGRDEPNMNPKLDLPNRPETSFLWFTNPCKTMKFIVWRRFK",2025,NA,"Vesicles","Plasma membrane","","Alveolar cells type 1: 149.0;Glandular and luminal cells: 131.1","intermediate monocyte: 20.4;non-classical monocyte: 26.6","dendritic cells: 8.1;monocytes: 26.6",190000,"WVIIGLLFLLILLLFVAVLLYSLPNY","EENKQKTDVHYRSLDGEGNFNWRFVFPFDYLPAEQLCIVAKKEHFWSIDQTEFRIPPRLIIQIWDNDKFSLDDYLGFLELDLRHTIIPAKSPEKCRLDMIPDLKAMNPLKAKTASLFEQKSMKGWWPCYAEKDGARVMAGKVEMTLEILNEKEADERPAGKGRDEPNMNPKLDLPNRPETSFLWFTNPCKTMKFIVWRRFK WVIIGLLFLLILLLFVAVLLYSLPNY",NA,228
26,26,"NPTXR","Neuronal pentraxin receptor","O95502","Many tissues","MKFLAVLLAAGMLAFLGAVICIIASVPLAASPARALPGGADNASVASGAAASPGPQRSLSALHGAGGSAGPPALPGAPAASAHPLPPGPLFSRFLCTPLAAACPSGAQQGDAAGAAPGEREELLLLQSTAEQLRQTALQQEARIRADQDTIRELTGKLGRCESGLPRGLQGAGPRRDTMADGPWDSPALILELEDAVRALRDRIDRLEQELPARVNLSAAPAPVSAVPTGLHSKMDQLEGQLLAQVLALEKERVALSHSSRRQRQEVEKELDVLQGRVAELEHGSSAYSPPDAFKISIPIRNNYMYARVRKALPELYAFTACMWLRSRSSGTGQGTPFSYSVPGQANEIVLLEAGHEPMELLINDKVAQLPLSLKDNGWHHICIAWTTRDGLWSAYQDGELQGSGENLAAWHPIKPHGILILGQEQDTLGGRFDATQAFVGDIAQFNLWDHALTPAQVLGIANCTAPLLGNVLPWEDKLVEAFGGATKAAFDVCKGRAKA",500,52846,NA,NA,"TOPO_DOM 1..2; /note=Cytoplasmic; /evidence=ECO:0000255; TOPO_DOM 24..500; /note=Extracellular; /evidence=ECO:0000255","TRANSMEM 3..23; /note=Helical; Signal-anchor for type II membrane protein; /evidence=ECO:0000255","FLAVLLAAGMLAFLGAVICII","MK",2,NA,"Plasma membrane, Cytosol","Nucleoplasm","brain: 280.2","Cardiomyocytes: 17.7;Excitatory neurons: 41.1;Inhibitory neurons: 49.1;Oligodendrocyte precursor cells: 18.3","","",420000,"FLAVLLAAGMLAFLGAVICIIASVPLAASPARALPGGADNASVASGAAASPGPQRSLSALH","MK FLAVLLAAGMLAFLGAVICIIASVPLAASPARALPGGADNASVASGAAASPGPQRSLSALH",NA,64
27,27,"OLR1","Oxidized low-density lipoprotein receptor 1 (Ox-LDL receptor 1) (C-type lectin domain family 8 member A) (Lectin-like oxidized LDL receptor 1) (LOX-1) (Lectin-like oxLDL receptor 1) (hLOX-1) (Lectin-type oxidized LDL receptor 1) [Cleaved into: Oxidized low-density lipoprotein receptor 1, soluble form]","P78380","Many tissues","MTFDDLKIQTVKDQPDEKSNGKKAKGLQFLYSPWWCLAAATLGVLCLGLVVTIMVLGMQLSQVSDLLTQEQANLTHQKKKLEGQISARQQAEEASQESENELKEMIETLARKLNEKSKEQMELHHQNLNLQETLKRVANCSAPCPQDWIWHGENCYLFSSGSFNWEKSQEKCLSLDAKLLKINSTADLDFIQQAISYSSFPFWMGLSRRNPSYPWLWEDGSPLMPHLFRVRGAVSQTYPSGTCAYIQRGAVYAENCILAAFSICQKKANLRAQ",273,30959,NA,NA,"TOPO_DOM 1..36; /note=Cytoplasmic; /evidence=ECO:0000255; TOPO_DOM 58..273; /note=Extracellular; /evidence=ECO:0000255","TRANSMEM 37..57; /note=Helical; Signal-anchor for type II membrane protein; /evidence=ECO:0000255","LAAATLGVLCLGLVVTIMVLG","MTFDDLKIQTVKDQPDEKSNGKKAKGLQFLYSPWWC",36,NA,"Nucleoplasm, Plasma membrane","Vesicles","brain: 52.6;lung: 100.2;placenta: 114.5","Cytotrophoblasts: 383.4;Hofbauer cells: 218.7;Langerhans cells: 115.9;Macrophages: 149.0;monocytes: 159.4;Syncytiotrophoblasts: 415.7","myeloid DC: 2.8","",NA,"LAAATLGVLCLGLVVTIMVLGMQLSQVSDLLT","MTFDDLKIQTVKDQPDEKSNGKKAKGLQFLYSPWWC LAAATLGVLCLGLVVTIMVLGMQLSQVSDLLT",NA,69
28,28,"PLVAP","Plasmalemma vesicle-associated protein (Fenestrated endothelial-linked structure protein) (Plasmalemma vesicle protein 1) (PV-1)","Q9BX97","Many tissues","MGLAMEHGGSYARAGGSSRGCWYYLRYFFLFVSLIQFLIILGLVLFMVYGNVHVSTESNLQATERRAEGLYSQLLGLTASQSNLTKELNFTTRAKDAIMQMWLNARRDLDRINASFRQCQGDRVIYTNNQRYMAAIILSEKQCRDQFKDMNKSCDALLFMLNQKVKTLEVEIAKEKTICTKDKESVLLNKRVAEEQLVECVKTRELQHQERQLAKEQLQKVQALCLPLDKDKFEMDLRNLWRDSIIPRSLDNLGYNLYHPLGSELASIRRACDHMPSLMSSKVEELARSLRADIERVARENSDLQRQKLEAQQGLRASQEAKQKVEKEAQAREAKLQAECSRQTQLALEEKAVLRKERDNLAKELEEKKREAEQLRMELAIRNSALDTCIKTKSQPMMPVSRPMGPVPNPQPIDPASLEEFKRKILESQRPPAGIPVAPSSG",442,50594,NA,NA,"TOPO_DOM 1..27; /note=Cytoplasmic; /evidence=ECO:0000255; TOPO_DOM 49..442; /note=Extracellular; /evidence=ECO:0000255","TRANSMEM 28..48; /note=Helical; Signal-anchor for type II membrane protein; /evidence=ECO:0000255","FFLFVSLIQFLIILGLVLFMV","MGLAMEHGGSYARAGGSSRGCWYYLRY",27,NA,"Cytosol","Plasma membrane, Centrosome","thyroid gland: 436.2","Adipocytes: 460.8;Endothelial cells: 409.2","plasmacytoid DC: 35.2","dendritic cells: 35.2",53000,"FFLFVSLIQFLIILGLVLFMVYGNVHVS","MGLAMEHGGSYARAGGSSRGCWYYLRY FFLFVSLIQFLIILGLVLFMVYGNVHVS",NA,56
29,29,"PRRT2","Proline-rich transmembrane protein 2 (Dispanin subfamily B member 3) (DSPB3)","Q7Z6L0","Many tissues","MAASSSEISEMKGVEESPKVPGEGPGHSEAETGPPQVLAGVPDQPEAPQPGPNTTAAPVDSGPKAGLAPETTETPAGASETAQATDLSLSPGGESKANCSPEDPCQETVSKPEVSKEATADQGSRLESAAPPEPAPEPAPQPDPRPDSQPTPKPALQPELPTQEDPTPEILSESVGEKQENGAVVPLQAGDGEEGPAPEPHSPPSKKSPPANGAPPRVLQQLVEEDRMRRAHSGHPGSPRGSLSRHPSSQLAGPGVEGGEGTQKPRDYIILAILSCFCPMWPVNIVAFAYAVMSRNSLQQGDVDGAQRLGRVAKLLSIVALVGGVLIIIASCVINLGVYK",340,34945,NA,NA,"TOPO_DOM 1..268; /note=Cytoplasmic; /evidence=ECO:0000250|UniProtKB:E9PUL5, ECO:0000255; TOPO_DOM 290..317; /note=Cytoplasmic; /evidence=ECO:0000250|UniProtKB:E9PUL5, ECO:0000255; TOPO_DOM 339..340; /note=Extracellular; /evidence=ECO:0000250|UniProtKB:E9PUL5, ECO:0000255","TRANSMEM 318..338; /note=Helical; /evidence=ECO:0000250|UniProtKB:E9PUL5, ECO:0000255","IVALVGGVLIIIASCVINLGV","MAASSSEISEMKGVEESPKVPGEGPGHSEAETGPPQVLAGVPDQPEAPQPGPNTTAAPVDSGPKAGLAPETTETPAGASETAQATDLSLSPGGESKANCSPEDPCQETVSKPEVSKEATADQGSRLESAAPPEPAPEPAPQPDPRPDSQPTPKPALQPELPTQEDPTPEILSESVGEKQENGAVVPLQAGDGEEGPAPEPHSPPSKKSPPANGAPPRVLQQLVEEDRMRRAHSGHPGSPRGSLSRHPSSQLAGPGVEGGEGTQKPRDY",268,NA,"Plasma membrane","","ovary: 124.3","Bipolar cells: 74.8;Horizontal cells: 65.4;Leydig cells: 37.2;Peritubular cells: 42.2;Rod photoreceptor cells: 43.6","NK-cell: 3.2","NK-cells: 3.2",NA,"IVALVGGVLIIIASCVINLGVYK","MAASSSEISEMKGVEESPKVPGEGPGHSEAETGPPQVLAGVPDQPEAPQPGPNTTAAPVDSGPKAGLAPETTETPAGASETAQATDLSLSPGGESKANCSPEDPCQETVSKPEVSKEATADQGSRLESAAPPEPAPEPAPQPDPRPDSQPTPKPALQPELPTQEDPTPEILSESVGEKQENGAVVPLQAGDGEEGPAPEPHSPPSKKSPPANGAPPRVLQQLVEEDRMRRAHSGHPGSPRGSLSRHPSSQLAGPGVEGGEGTQKPRDY IVALVGGVLIIIASCVINLGVYK",NA,292
30,30,"TMPRSS13","Transmembrane protease serine 13 (EC 3.4.21.-) (Membrane-type mosaic serine protease) (Mosaic serine protease)","Q9BYE2","Many tissues","MERDSHGNASPARTPSAGASPAQASPAGTPPGRASPAQASPAQASPAGTPPGRASPAQASPAGTPPGRASPGRASPAQASPAQASPARASPALASLSRSSSGRSSSARSASVTTSPTRVYLVRATPVGAVPIRSSPARSAPATRATRESPGTSLPKFTWREGQKQLPLIGCVLLLIALVVSLIILFQFWQGHTGIRYKEQRESCPKHAVRCDGVVDCKLKSDELGCVRFDWDKSLLKIYSGSSHQWLPICSSNWNDSYSEKTCQQLGFESAHRTTEVAHRDFANSFSILRYNSTIQESLHRSECPSQRYISLQCSHCGLRAMTGRIVGGALASDSKWPWQVSLHFGTTHICGGTLIDAQWVLTAAHCFFVTREKVLEGWKVYAGTSNLHQLPEAASIAEIIINSNYTDEEDDYDIALMRLSKPLTLSAHIHPACLPMHGQTFSLNETCWITGFGKTRETDDKTSPFLREVQVNLIDFKKCNDYLVYDSYLTPRMMCAGDLRGGRDSCQGDSGGPLVCEQNNRWYLAGVTSWGTGCGQRNKPGVYTKVTEVLPWIYSKMEVRSLQQDTAPSRLGTSSGGDPGGAPRL",586,63167,NA,NA,"TOPO_DOM 1..165; /note=Cytoplasmic; /evidence=ECO:0000255; TOPO_DOM 187..586; /note=Extracellular; /evidence=ECO:0000255","TRANSMEM 166..186; /note=Helical; Signal-anchor for type II membrane protein; /evidence=ECO:0000255","LPLIGCVLLLIALVVSLIILF","MERDSHGNASPARTPSAGASPAQASPAGTPPGRASPAQASPAQASPAGTPPGRASPAQASPAGTPPGRASPGRASPAQASPAQASPARASPALASLSRSSSGRSSSARSASVTTSPTRVYLVRATPVGAVPIRSSPARSAPATRATRESPGTSLPKFTWREGQKQ",165,NA,"Nucleoplasm, Plasma membrane","","esophagus: 15.7;skin 1: 41.0","Cytotrophoblasts: 15.9;Extravillous trophoblasts: 22.9;Glandular and luminal cells: 11.8;Salivary duct cells: 14.2;Suprabasal keratinocytes: 21.5;Syncytiotrophoblasts: 21.9","","",NA,"LPLIGCVLLLIALVVSLIILFQFWQGHTGIRYKEQRESCPKHAVRCDGVVDCKLKSDELGC","MERDSHGNASPARTPSAGASPAQASPAGTPPGRASPAQASPAQASPAGTPPGRASPAQASPAGTPPGRASPGRASPAQASPAQASPARASPALASLSRSSSGRSSSARSASVTTSPTRVYLVRATPVGAVPIRSSPARSAPATRATRESPGTSLPKFTWREGQKQ LPLIGCVLLLIALVVSLIILFQFWQGHTGIRYKEQRESCPKHAVRCDGVVDCKLKSDELGC",NA,227
31,31,"TMPRSS2","Transmembrane protease serine 2 (EC 3.4.21.122) (Serine protease 10) [Cleaved into: Transmembrane protease serine 2 non-catalytic chain; Transmembrane protease serine 2 catalytic chain]","O15393","Many tissues","MALNSGSPPAIGPYYENHGYQPENPYPAQPTVVPTVYEVHPAQYYPSPVPQYAPRVLTQASNPVVCTQPKSPSGTVCTSKTKKALCITLTLGTFLVGAALAAGLLWKFMGSKCSNSGIECDSSGTCINPSNWCDGVSHCPGGEDENRCVRLYGPNFILQVYSSQRKSWHPVCQDDWNENYGRAACRDMGYKNNFYSSQGIVDDSGSTSFMKLNTSAGNVDIYKKLYHSDACSSKAVVSLRCIACGVNLNSSRQSRIVGGESALPGAWPWQVSLHVQNVHVCGGSIITPEWIVTAAHCVEKPLNNPWHWTAFAGILRQSFMFYGAGYQVEKVISHPNYDSKTKNNDIALMKLQKPLTFNDLVKPVCLPNPGMMLQPEQLCWISGWGATEEKGKTSEVLNAAKVLLIETQRCNSRYVYDNLITPAMICAGFLQGNVDSCQGDSGGPLVTSKNNIWWLIGDTSWGSGCAKAYRPGVYGNVMVFTDWIYRQMRADG",492,53859,NA,NA,"TOPO_DOM 1..84; /note=Cytoplasmic; /evidence=ECO:0000255; TOPO_DOM 106..492; /note=Extracellular; /evidence=ECO:0000255","TRANSMEM 85..105; /note=Helical; Signal-anchor for type II membrane protein; /evidence=ECO:0000255","LCITLTLGTFLVGAALAAGLL","MALNSGSPPAIGPYYENHGYQPENPYPAQPTVVPTVYEVHPAQYYPSPVPQYAPRVLTQASNPVVCTQPKSPSGTVCTSKTKKA",84,NA,"Plasma membrane","","prostate: 280.4;stomach 1: 146.2","Distal enterocytes: 229.6;Gastric mucus-secreting cells: 172.9;Paneth cells: 149.4;Prostatic glandular cells: 377.5;Proximal enterocytes: 170.9","","",NA,"LCITLTLGTFLVGAALAAGLLWKFMGSKCSNSG","MALNSGSPPAIGPYYENHGYQPENPYPAQPTVVPTVYEVHPAQYYPSPVPQYAPRVLTQASNPVVCTQPKSPSGTVCTSKTKKA LCITLTLGTFLVGAALAAGLLWKFMGSKCSNSG",NA,118
32,32,"TNFSF13B","Tumor necrosis factor ligand superfamily member 13B (B lymphocyte stimulator) (BLyS) (B-cell-activating factor) (BAFF) (Dendritic cell-derived TNF-like molecule) (TNF- and APOL-related leukocyte expressed ligand 1) (TALL-1) (CD antigen CD257) [Cleaved into: Tumor necrosis factor ligand superfamily member 13b, membrane form; Tumor necrosis factor ligand superfamily member 13b, soluble form]","Q9Y275","Many tissues","MDDSTEREQSRLTSCLKKREEMKLKECVSILPRKESPSVRSSKDGKLLAATLLLALLSCCLTVVSFYQVAALQGDLASLRAELQGHHAEKLPAGAGAPKAGLEEAPAVTAGLKIFEPPAPGEGNSSQNSRNKRAVQGPEETVTQDCLQLIADSETPTIQKGSYTFVPWLLSFKRGSALEEKENKILVKETGYFFIYGQVLYTDKTYAMGHLIQRKKVHVFGDELSLVTLFRCIQNMPETLPNNSCYSAGIAKLEEGDELQLAIPRENAQISLDGDVTFFGALKLL",285,31223,NA,NA,"TOPO_DOM 1..46; /note=Cytoplasmic; /evidence=ECO:0000255; TOPO_DOM 68..285; /note=Extracellular; /evidence=ECO:0000255","TRANSMEM 47..67; /note=Helical; Signal-anchor for type II membrane protein; /evidence=ECO:0000255","LLAATLLLALLSCCLTVVSFY","MDDSTEREQSRLTSCLKKREEMKLKECVSILPRKESPSVRSSKDGK",46,NA,"Plasma membrane","Vesicles, Focal adhesion sites","lymphoid tissue: 25.9","Hofbauer cells: 170.2;Kupffer cells: 114.2;Langerhans cells: 304.0;Macrophages: 156.7;monocytes: 428.5","neutrophil: 505.4","dendritic cells: 206.4;granulocytes: 505.4;monocytes: 350.9",790000,"LLAATLLLALLSCCLTVVSFYQVAALQGDLAS","MDDSTEREQSRLTSCLKKREEMKLKECVSILPRKESPSVRSSKDGK LLAATLLLALLSCCLTVVSFYQVAALQGDLAS",NA,79
33,33,"ATP4B","Potassium-transporting ATPase subunit beta (Gastric H(+)/K(+) ATPase subunit beta) (Proton pump beta chain)","P51164","Some tissues","MAALQEKKTCGQRMEEFQRYCWNPDTGQMLGRTLSRWVWISLYYVAFYVVMTGLFALCLYVLMQTVDPYTPDYQDQLRSPGVTLRPDVYGEKGLEIVYNVSDNRTWADLTQTLHAFLAGYSPAAQEDSINCTSEQYFFQESFRAPNHTKFSCKFTADMLQNCSGLADPNFGFEEGKPCFIIKMNRIVKFLPSNGSAPRVDCAFLDQPRELGQPLQVKYYPPNGTFSLHYFPYYGKKAQPHYSNPLVAAKLLNIPRNAEVAIVCKVMAEHVTFNNPHDPYEGKVEFKLKIEK",291,33367,NA,NA,"TOPO_DOM 1..36; /note=Cytoplasmic; /evidence=ECO:0000255; TOPO_DOM 58..291; /note=Extracellular; /evidence=ECO:0000255","TRANSMEM 37..57; /note=Helical; Signal-anchor for type II membrane protein; /evidence=ECO:0000255","WVWISLYYVAFYVVMTGLFAL","MAALQEKKTCGQRMEEFQRYCWNPDTGQMLGRTLSR",36,NA,"Plasma membrane","","stomach 1: 1096.8","Gastric mucus-secreting cells: 168.7","","",NA,"WVWISLYYVAFYVVMTGLFALCLYVLMQTVDPYTPD","MAALQEKKTCGQRMEEFQRYCWNPDTGQMLGRTLSR WVWISLYYVAFYVVMTGLFALCLYVLMQTVDPYTPD",NA,73
34,34,"CALN1","Calcium-binding protein 8 (CaBP8) (Calneuron I) (Calneuron-1)","Q9BXU9","Some tissues","MRLPEQPGEGKPENEKKGDGGALGGGEEPPRSQAPDFPTWEKMPFHHVTAGLLYKGNYLNRSLSAGSDSEQLANISVEELDEIREAFRVLDRDGNGFISKQELGMAMRSLGYMPSEVELAIIMQRLDMDGDGQVDFDEFMTILGPKLVSSEGRDGFLGNTIDSIFWQFDMQRITLEELKHILYHAFRDHLTMKDIENIIINEEESLNETSGNCQTEFEGVHSQKQNRQTCVRKSLICAFAMAFIISVMLIAANQILRSGME",261,29324,NA,NA,"TOPO_DOM 1..234; /note=Cytoplasmic; /evidence=ECO:0000255; TOPO_DOM 256..261; /note=Extracellular; /evidence=ECO:0000255","TRANSMEM 235..255; /note=Helical; Anchor for type IV membrane protein; /evidence=ECO:0000255","LICAFAMAFIISVMLIAANQI","MRLPEQPGEGKPENEKKGDGGALGGGEEPPRSQAPDFPTWEKMPFHHVTAGLLYKGNYLNRSLSAGSDSEQLANISVEELDEIREAFRVLDRDGNGFISKQELGMAMRSLGYMPSEVELAIIMQRLDMDGDGQVDFDEFMTILGPKLVSSEGRDGFLGNTIDSIFWQFDMQRITLEELKHILYHAFRDHLTMKDIENIIINEEESLNETSGNCQTEFEGVHSQKQNRQTCVRKS",234,NA,"Vesicles","Plasma membrane","adrenal gland: 11.3;brain: 44.3;lymphoid tissue: 24.7","Astrocytes: 86.0;Excitatory neurons: 128.5;Inhibitory neurons: 208.2;Oligodendrocyte precursor cells: 42.8","","",NA,"LICAFAMAFIISVMLIAANQILRSGME","MRLPEQPGEGKPENEKKGDGGALGGGEEPPRSQAPDFPTWEKMPFHHVTAGLLYKGNYLNRSLSAGSDSEQLANISVEELDEIREAFRVLDRDGNGFISKQELGMAMRSLGYMPSEVELAIIMQRLDMDGDGQVDFDEFMTILGPKLVSSEGRDGFLGNTIDSIFWQFDMQRITLEELKHILYHAFRDHLTMKDIENIIINEEESLNETSGNCQTEFEGVHSQKQNRQTCVRKS LICAFAMAFIISVMLIAANQILRSGME",NA,262
35,35,"CD40LG","CD40 ligand (CD40-L) (T-cell antigen Gp39) (TNF-related activation protein) (TRAP) (Tumor necrosis factor ligand superfamily member 5) (CD antigen CD154) [Cleaved into: CD40 ligand, membrane form; CD40 ligand, soluble form (sCD40L)]","P29965","Some tissues","MIETYNQTSPRSAATGLPISMKIFMYLLTVFLITQMIGSALFAVYLHRRLDKIEDERNLHEDFVFMKTIQRCNTGERSLSLLNCEEIKSQFEGFVKDIMLNKEETKKENSFEMQKGDQNPQIAAHVISEASSKTTSVLQWAEKGYYTMSNNLVTLENGKQLTVKRQGLYYIYAQVTFCSNREASSQAPFIASLCLKSPGRFERILLRAANTHSSAKPCGQQSIHLGGVFELQPGASVFVNVTDPSQVSHGTGFTSFGLLKL",261,29274,NA,NA,"TOPO_DOM 1..22; /note=Cytoplasmic; /evidence=ECO:0000255; TOPO_DOM 47..261; /note=Extracellular; /evidence=ECO:0000255","TRANSMEM 23..46; /note=Helical; Signal-anchor for type II membrane protein; /evidence=ECO:0000255","IFMYLLTVFLITQMIGSALFAVYL","MIETYNQTSPRSAATGLPISMK",22,NA,"Golgi apparatus, Plasma membrane","","lymphoid tissue: 15.5","T-cells: 77.9","gdT-cell: 26.3;MAIT T-cell: 64.1;memory CD4 T-cell: 80.5;naive CD4 T-cell: 76.1","T-cells: 80.5",20000,"IFMYLLTVFLITQMIGSALFAVYLHRRLDKIEDERNLHE","MIETYNQTSPRSAATGLPISMK IFMYLLTVFLITQMIGSALFAVYLHRRLDKIEDERNLHE",NA,62
36,36,"CLEC2A","C-type lectin domain family 2 member A (Keratinocyte-associated C-type lectin) (KACL) (Proliferation-induced lymphocyte-associated receptor) (PILAR)","Q6UVW9","Some tissues","MINPELRDGRADGFIHRIVPKLIQNWKIGLMCFLSIIITTVCIIMIATWSKHAKPVACSGDWLGVRDKCFYFSDDTRNWTASKIFCSLQKAELAQIDTQEDMEFLKRYAGTDMHWIGLSRKQGDSWKWTNGTTFNGWFEIIGNGSFAFLSADGVHSSRGFIDIKWICSKPKYFL",174,19972,NA,NA,"TOPO_DOM 1..27; /note=Cytoplasmic; /evidence=ECO:0000255; TOPO_DOM 49..174; /note=Extracellular; /evidence=ECO:0000255","TRANSMEM 28..48; /note=Helical; Signal-anchor for type II membrane protein; /evidence=ECO:0000255","IGLMCFLSIIITTVCIIMIAT","MINPELRDGRADGFIHRIVPKLIQNWK",27,NA,"Plasma membrane","","skin 1: 57.6","Basal keratinocytes: 8.8;granulocytes: 6.5;Melanocytes: 3.5;Suprabasal keratinocytes: 18.1","","",NA,"IGLMCFLSIIITTVCIIMIATWSKHAKPVACSGDW","MINPELRDGRADGFIHRIVPKLIQNWK IGLMCFLSIIITTVCIIMIATWSKHAKPVACSGDW",NA,63
37,37,"FIBCD1","Fibrinogen C domain-containing protein 1","Q8N539","Some tissues","MVNDRWKTMGGAAQLEDRPRDKPQRPSCGYVLCTVLLALAVLLAVAVTGAVLFLNHAHAPGTAPPPVVSTGAASANSALVTVERADSSHLSILIDPRCPDLTDSFARLESAQASVLQALTEHQAQPRLVGDQEQELLDTLADQLPRLLARASELQTECMGLRKGHGTLGQGLSALQSEQGRLIQLLSESQGHMAHLVNSVSDILDALQRDRGLGRPRNKADLQRAPARGTRPRGCATGSRPRDCLDVLLSGQQDDGVYSVFPTHYPAGFQVYCDMRTDGGGWTVFQRREDGSVNFFRGWDAYRDGFGRLTGEHWLGLKRIHALTTQAAYELHVDLEDFENGTAYARYGSFGVGLFSVDPEEDGYPLTVADYSGTAGDSLLKHSGMRFTTKDRDSDHSENNCAAFYRGAWWYRNCHTSNLNGQYLRGAHASYADGVEWSSWTGWQYSLKFSEMKIRPVREDR",461,50744,NA,NA,"TOPO_DOM 1..33; /note=Cytoplasmic; /evidence=ECO:0000255; TOPO_DOM 55..461; /note=Extracellular; /evidence=ECO:0000255","TRANSMEM 34..54; /note=Helical; Signal-anchor for type II membrane protein; /evidence=ECO:0000255","TVLLALAVLLAVAVTGAVLFL","MVNDRWKTMGGAAQLEDRPRDKPQRPSCGYVLC",33,NA,"Cell Junctions","","adrenal gland: 9.9;brain: 26.7;parathyroid gland: 12.5","Cytotrophoblasts: 10.8;Early spermatids: 20.6;Horizontal cells: 12.8;Intestinal goblet cells: 17.1;Late spermatids: 33.8;Spermatogonia: 17.0;Undifferentiated cells: 13.5","non-classical monocyte: 1.1","monocytes: 1.1",1.9e+07,"TVLLALAVLLAVAVTGAVLFLNHAHAPGTAPPP","MVNDRWKTMGGAAQLEDRPRDKPQRPSCGYVLC TVLLALAVLLAVAVTGAVLFLNHAHAPGTAPPP",NA,67
38,38,"KEL","Kell blood group glycoprotein (EC 3.4.24.-) (CD antigen CD238)","P23276","Some tissues","MEGGDQSEEEPRERSQAGGMGTLWSQESTPEERLPVEGSRPWAVARRVLTAILILGLLLCFSVLLFYNFQNCGPRPCETSVCLDLRDHYLASGNTSVAPCTDFFSFACGRAKETNNSFQELATKNKNRLRRILEVQNSWHPGSGEEKAFQFYNSCMDTLAIEAAGTGPLRQVIEELGGWRISGKWTSLNFNRTLRLLMSQYGHFPFFRAYLGPHPASPHTPVIQIDQPEFDVPLKQDQEQKIYAQIFREYLTYLNQLGTLLGGDPSKVQEHSSLSISITSRLFQFLRPLEQRRAQGKLFQMVTIDQLKEMAPAIDWLSCLQATFTPMSLSPSQSLVVHDVEYLKNMSQLVEEMLLKQRDFLQSHMILGLVVTLSPALDSQFQEARRKLSQKLRELTEQPPMPARPRWMKCVEETGTFFEPTLAALFVREAFGPSTRSAAMKLFTAIRDALITRLRNLPWMNEETQNMAQDKVAQLQVEMGASEWALKPELARQEYNDIQLGSSFLQSVLSCVRSLRARIVQSFLQPHPQHRWKVSPWDVNAYYSVSDHVVVFPAGLLQPPFFHPGYPRAVNFGAAGSIMAHELLHIFYQLLLPGGCLACDNHALQEAHLCLKRHYAAFPLPSRTSFNDSLTFLENAADVGGLAIALQAYSKRLLRHHGETVLPSLDLSPQQIFFRSYAQVMCRKPSPQDSHDTHSPPHLRVHGPLSSTPAFARYFRCARGALLNPSSRCQLW",732,82824,NA,NA,"TOPO_DOM 1..47; /note=Cytoplasmic; /evidence=ECO:0000255; TOPO_DOM 68..732; /note=Extracellular; /evidence=ECO:0000255","TRANSMEM 48..67; /note=Helical; Signal-anchor for type II membrane protein; /evidence=ECO:0000255","VLTAILILGLLLCFSVLLFY","MEGGDQSEEEPRERSQAGGMGTLWSQESTPEERLPVEGSRPWAVARR",47,NA,"Golgi apparatus, Plasma membrane","Nucleoplasm, Cytosol","bone marrow: 56.3;testis: 32.3","Erythroid cells: 62.8;Oligodendrocytes: 28.4;Sertoli cells: 22.1;Squamous epithelial cells: 16.9","","",NA,"VLTAILILGLLLCFSVLLFYNFQNCGPRPCET","MEGGDQSEEEPRERSQAGGMGTLWSQESTPEERLPVEGSRPWAVARR VLTAILILGLLLCFSVLLFYNFQNCGPRPCET",NA,80
39,39,"KLRC2","NKG2-C type II integral membrane protein (CD159 antigen-like family member C) (NK cell receptor C) (NKG2-C-activating NK receptor) (CD antigen CD159c)","P26717","Some tissues","MNKQRGTFSEVSLAQDPKRQQRKPKGNKSSISGTEQEIFQVELNLQNPSLNHQGIDKIYDCQGLLPPPEKLTAEVLGIICIVLMATVLKTIVLIPFLEQNNFSPNTRTQKARHCGHCPEEWITYSNSCYYIGKERRTWEESLLACTSKNSSLLSIDNEEEMKFLASILPSSWIGVFRNSSHHPWVTINGLAFKHKIKDSDNAELNCAVLQVNRLKSAQCGSSMIYHCKHKL",231,26159,NA,NA,"TOPO_DOM 1..70; /note=Cytoplasmic; /evidence=ECO:0000255; TOPO_DOM 94..231; /note=Extracellular; /evidence=ECO:0000255","TRANSMEM 71..93; /note=Helical; Signal-anchor for type II membrane protein; /evidence=ECO:0000255","LTAEVLGIICIVLMATVLKTIVL","MNKQRGTFSEVSLAQDPKRQQRKPKGNKSSISGTEQEIFQVELNLQNPSLNHQGIDKIYDCQGLLPPPEK",70,NA,"Plasma membrane","","brain: 9.4;lymphoid tissue: 5.8","NK-cells: 77.8;Oligodendrocyte precursor cells: 31.3;T-cells: 59.3","gdT-cell: 24.6;NK-cell: 84.5","NK-cells: 84.5;T-cells: 24.6",NA,"LTAEVLGIICIVLMATVLKTIVLIPFLEQNNFSPNTRTQKARHCGHCPEEW","MNKQRGTFSEVSLAQDPKRQQRKPKGNKSSISGTEQEIFQVELNLQNPSLNHQGIDKIYDCQGLLPPPEK LTAEVLGIICIVLMATVLKTIVLIPFLEQNNFSPNTRTQKARHCGHCPEEW",NA,122
40,40,"RGS9BP","Regulator of G-protein signaling 9-binding protein (RGS9-anchoring protein)","Q6ZS82","Some tissues","MAREECKALLDGLNKTTACYHHLVLTVGGSADSQNLRQELQKTRQKAQELAVSTCARLTAVLRDRGLAADERAEFERLWVAFSGCLDLLEADMRRALELGAAFPLHAPRRPLVRTGVAGASSGVAARALSTRSLRLEAEGDFDVADLRELEREVLQVGEMIDNMEMKVNVPRWTVQARQAAGAELLSTVSAGPSSVVSLQERGGGCDPRKALAAILFGAVLLAAVALAVCVAKLS",235,25148,NA,NA,"TOPO_DOM 1..210; /note=Cytoplasmic; /evidence=ECO:0000255; TOPO_DOM 232..235; /note=Extracellular; /evidence=ECO:0000255","TRANSMEM 211..231; /note=Helical; Anchor for type IV membrane protein; /evidence=ECO:0000255","ALAAILFGAVLLAAVALAVCV","MAREECKALLDGLNKTTACYHHLVLTVGGSADSQNLRQELQKTRQKAQELAVSTCARLTAVLRDRGLAADERAEFERLWVAFSGCLDLLEADMRRALELGAAFPLHAPRRPLVRTGVAGASSGVAARALSTRSLRLEAEGDFDVADLRELEREVLQVGEMIDNMEMKVNVPRWTVQARQAAGAELLSTVSAGPSSVVSLQERGGGCDPRK",210,NA,"Plasma membrane","","choroid plexus: 28.9;retina: 17.4;skeletal muscle: 9.0","Bipolar cells: 31.8;Cone photoreceptor cells: 93.1;Rod photoreceptor cells: 68.0","","",NA,"ALAAILFGAVLLAAVALAVCVAKLS","MAREECKALLDGLNKTTACYHHLVLTVGGSADSQNLRQELQKTRQKAQELAVSTCARLTAVLRDRGLAADERAEFERLWVAFSGCLDLLEADMRRALELGAAFPLHAPRRPLVRTGVAGASSGVAARALSTRSLRLEAEGDFDVADLRELEREVLQVGEMIDNMEMKVNVPRWTVQARQAAGAELLSTVSAGPSSVVSLQERGGGCDPRK ALAAILFGAVLLAAVALAVCVAKLS",NA,236
41,41,"TMPRSS15","Enteropeptidase (EC 3.4.21.9) (Enterokinase) (Serine protease 7) (Transmembrane protease serine 15) [Cleaved into: Enteropeptidase non-catalytic heavy chain; Enteropeptidase catalytic light chain]","P98073","Some tissues","MGSKRGISSRHHSLSSYEIMFAALFAILVVLCAGLIAVSCLTIKESQRGAALGQSHEARATFKITSGVTYNPNLQDKLSVDFKVLAFDLQQMIDEIFLSSNLKNEYKNSRVLQFENGSIIVVFDLFFAQWVSDENVKEELIQGLEANKSSQLVTFHIDLNSVDILDKLTTTSHLATPGNVSIECLPGSSPCTDALTCIKADLFCDGEVNCPDGSDEDNKMCATVCDGRFLLTGSSGSFQATHYPKPSETSVVCQWIIRVNQGLSIKLSFDDFNTYYTDILDIYEGVGSSKILRASIWETNPGTIRIFSNQVTATFLIESDESDYVGFNATYTAFNSSELNNYEKINCNFEDGFCFWVQDLNDDNEWERIQGSTFSPFTGPNFDHTFGNASGFYISTPTGPGGRQERVGLLSLPLDPTLEPACLSFWYHMYGENVHKLSINISNDQNMEKTVFQKEGNYGDNWNYGQVTLNETVKFKVAFNAFKNKILSDIALDDISLTYGICNGSLYPEPTLVPTPPPELPTDCGGPFELWEPNTTFSSTNFPNSYPNLAFCVWILNAQKGKNIQLHFQEFDLENINDVVEIRDGEEADSLLLAVYTGPGPVKDVFSTTNRMTVLLITNDVLARGGFKANFTTGYHLGIPEPCKADHFQCKNGECVPLVNLCDGHLHCEDGSDEADCVRFFNGTTNNNGLVRFRIQSIWHTACAENWTTQISNDVCQLLGLGSGNSSKPIFPTDGGPFVKLNTAPDGHLILTPSQQCLQDSLIRLQCNHKSCGKKLAAQDITPKIVGGSNAKEGAWPWVVGLYYGGRLLCGASLVSSDWLVSAAHCVYGRNLEPSKWTAILGLHMKSNLTSPQTVPRLIDEIVINPHYNRRRKDNDIAMMHLEFKVNYTDYIQPICLPEENQVFPPGRNCSIAGWGTVVYQGTTANILQEADVPLLSNERCQQQMPEYNITENMICAGYEEGGIDSCQGDSGGPLMCQENNRWFLAGVTSFGYKCALPNRPGVYARVSRFTEWIQSFLH",1019,112935,NA,NA,"TOPO_DOM 2..18; /note=Cytoplasmic; /evidence=ECO:0000255; TOPO_DOM 48..1019; /note=Extracellular; /evidence=ECO:0000255","TRANSMEM 19..47; /note=Helical; Signal-anchor for type II membrane protein; /evidence=ECO:0000255","IMFAALFAILVVLCAGLIAVSCLTIKESQ","GSKRGISSRHHSLSSYE",17,NA,"Plasma membrane","","intestine: 979.8","Proximal enterocytes: 27.7","","",NA,"IMFAALFAILVVLCAGLIAVSCLTIKESQRGAALGQ","GSKRGISSRHHSLSSYE IMFAALFAILVVLCAGLIAVSCLTIKESQRGAALGQ",NA,54
